LOCATION,INDICATOR,SUBJECT,MEASURE,FREQUENCY,TIME,Value,Flag Codes
CAN,HUR,TOT,PC_LF,M,1991-05,10.2,
CAN,HUR,TOT,PC_LF,M,1991-06,10.5,
CAN,HUR,TOT,PC_LF,M,1991-07,10.5,
CAN,HUR,TOT,PC_LF,M,1991-08,10.5,
CAN,HUR,TOT,PC_LF,M,1991-09,10.3,
CAN,HUR,TOT,PC_LF,M,1991-10,10.3,
CAN,HUR,TOT,PC_LF,M,1991-11,10.4,
CAN,HUR,TOT,PC_LF,M,1991-12,10.3,
CAN,HUR,TOT,PC_LF,M,1992-01,10.4,
CAN,HUR,TOT,PC_LF,M,1992-02,10.5,
CAN,HUR,TOT,PC_LF,M,1992-03,10.9,
CAN,HUR,TOT,PC_LF,M,1992-04,10.7,
CAN,HUR,TOT,PC_LF,M,1992-05,10.9,
CAN,HUR,TOT,PC_LF,M,1992-06,11.4,
CAN,HUR,TOT,PC_LF,M,1992-07,11.3,
CAN,HUR,TOT,PC_LF,M,1992-08,11.7,
CAN,HUR,TOT,PC_LF,M,1992-09,11.6,
CAN,HUR,TOT,PC_LF,M,1992-10,11.4,
CAN,HUR,TOT,PC_LF,M,1992-11,12.1,
CAN,HUR,TOT,PC_LF,M,1992-12,11.7,
CAN,HUR,TOT,PC_LF,M,1993-01,11.2,
CAN,HUR,TOT,PC_LF,M,1993-02,11,
CAN,HUR,TOT,PC_LF,M,1993-03,11.2,
CAN,HUR,TOT,PC_LF,M,1993-04,11.6,
CAN,HUR,TOT,PC_LF,M,1993-05,11.6,
CAN,HUR,TOT,PC_LF,M,1993-06,11.7,
CAN,HUR,TOT,PC_LF,M,1993-07,11.6,
CAN,HUR,TOT,PC_LF,M,1993-08,11.2,
CAN,HUR,TOT,PC_LF,M,1993-09,11.5,
CAN,HUR,TOT,PC_LF,M,1993-10,11.3,
CAN,HUR,TOT,PC_LF,M,1993-11,11.2,
CAN,HUR,TOT,PC_LF,M,1993-12,11.4,
CAN,HUR,TOT,PC_LF,M,1994-01,11.4,
CAN,HUR,TOT,PC_LF,M,1994-02,11.1,
CAN,HUR,TOT,PC_LF,M,1994-03,10.6,
CAN,HUR,TOT,PC_LF,M,1994-04,10.9,
CAN,HUR,TOT,PC_LF,M,1994-05,10.7,
CAN,HUR,TOT,PC_LF,M,1994-06,10.3,
CAN,HUR,TOT,PC_LF,M,1994-07,10.1,
CAN,HUR,TOT,PC_LF,M,1994-08,10.2,
CAN,HUR,TOT,PC_LF,M,1994-09,10.1,
CAN,HUR,TOT,PC_LF,M,1994-10,10,
CAN,HUR,TOT,PC_LF,M,1994-11,9.7,
CAN,HUR,TOT,PC_LF,M,1994-12,9.6,
CAN,HUR,TOT,PC_LF,M,1995-01,9.6,
CAN,HUR,TOT,PC_LF,M,1995-02,9.6,
CAN,HUR,TOT,PC_LF,M,1995-03,9.7,
CAN,HUR,TOT,PC_LF,M,1995-04,9.5,
CAN,HUR,TOT,PC_LF,M,1995-05,9.5,
CAN,HUR,TOT,PC_LF,M,1995-06,9.5,
CAN,HUR,TOT,PC_LF,M,1995-07,9.6,
CAN,HUR,TOT,PC_LF,M,1995-08,9.5,
CAN,HUR,TOT,PC_LF,M,1995-09,9.2,
CAN,HUR,TOT,PC_LF,M,1995-10,9.3,
CAN,HUR,TOT,PC_LF,M,1995-11,9.2,
CAN,HUR,TOT,PC_LF,M,1995-12,9.4,
CAN,HUR,TOT,PC_LF,M,1996-01,9.4,
CAN,HUR,TOT,PC_LF,M,1996-02,9.5,
CAN,HUR,TOT,PC_LF,M,1996-03,9.6,
CAN,HUR,TOT,PC_LF,M,1996-04,9.3,
CAN,HUR,TOT,PC_LF,M,1996-05,9.2,
CAN,HUR,TOT,PC_LF,M,1996-06,9.8,
CAN,HUR,TOT,PC_LF,M,1996-07,9.7,
CAN,HUR,TOT,PC_LF,M,1996-08,9.4,
CAN,HUR,TOT,PC_LF,M,1996-09,9.9,
CAN,HUR,TOT,PC_LF,M,1996-10,9.9,
CAN,HUR,TOT,PC_LF,M,1996-11,9.9,
CAN,HUR,TOT,PC_LF,M,1996-12,9.7,
CAN,HUR,TOT,PC_LF,M,1997-01,9.5,
CAN,HUR,TOT,PC_LF,M,1997-02,9.5,
CAN,HUR,TOT,PC_LF,M,1997-03,9.3,
CAN,HUR,TOT,PC_LF,M,1997-04,9.4,
CAN,HUR,TOT,PC_LF,M,1997-05,9.4,
CAN,HUR,TOT,PC_LF,M,1997-06,9.1,
CAN,HUR,TOT,PC_LF,M,1997-07,8.9,
CAN,HUR,TOT,PC_LF,M,1997-08,8.9,
CAN,HUR,TOT,PC_LF,M,1997-09,8.8,
CAN,HUR,TOT,PC_LF,M,1997-10,8.9,
CAN,HUR,TOT,PC_LF,M,1997-11,8.9,
CAN,HUR,TOT,PC_LF,M,1997-12,8.5,
CAN,HUR,TOT,PC_LF,M,1998-01,8.8,
CAN,HUR,TOT,PC_LF,M,1998-02,8.6,
CAN,HUR,TOT,PC_LF,M,1998-03,8.4,
CAN,HUR,TOT,PC_LF,M,1998-04,8.3,
CAN,HUR,TOT,PC_LF,M,1998-05,8.3,
CAN,HUR,TOT,PC_LF,M,1998-06,8.4,
CAN,HUR,TOT,PC_LF,M,1998-07,8.3,
CAN,HUR,TOT,PC_LF,M,1998-08,8.1,
CAN,HUR,TOT,PC_LF,M,1998-09,8.2,
CAN,HUR,TOT,PC_LF,M,1998-10,8,
CAN,HUR,TOT,PC_LF,M,1998-11,8,
CAN,HUR,TOT,PC_LF,M,1998-12,8.1,
CAN,HUR,TOT,PC_LF,M,1999-01,7.9,
CAN,HUR,TOT,PC_LF,M,1999-02,7.9,
CAN,HUR,TOT,PC_LF,M,1999-03,7.9,
CAN,HUR,TOT,PC_LF,M,1999-04,8.2,
CAN,HUR,TOT,PC_LF,M,1999-05,7.9,
CAN,HUR,TOT,PC_LF,M,1999-06,7.6,
CAN,HUR,TOT,PC_LF,M,1999-07,7.6,
CAN,HUR,TOT,PC_LF,M,1999-08,7.4,
CAN,HUR,TOT,PC_LF,M,1999-09,7.5,
CAN,HUR,TOT,PC_LF,M,1999-10,7.2,
CAN,HUR,TOT,PC_LF,M,1999-11,6.9,
CAN,HUR,TOT,PC_LF,M,1999-12,6.8,
CAN,HUR,TOT,PC_LF,M,2000-01,6.8,
CAN,HUR,TOT,PC_LF,M,2000-02,6.9,
CAN,HUR,TOT,PC_LF,M,2000-03,6.9,
CAN,HUR,TOT,PC_LF,M,2000-04,6.7,
CAN,HUR,TOT,PC_LF,M,2000-05,6.6,
CAN,HUR,TOT,PC_LF,M,2000-06,6.7,
CAN,HUR,TOT,PC_LF,M,2000-07,6.8,
CAN,HUR,TOT,PC_LF,M,2000-08,7,
CAN,HUR,TOT,PC_LF,M,2000-09,6.9,
CAN,HUR,TOT,PC_LF,M,2000-10,7,
CAN,HUR,TOT,PC_LF,M,2000-11,6.9,
CAN,HUR,TOT,PC_LF,M,2000-12,6.8,
CAN,HUR,TOT,PC_LF,M,2001-01,6.9,
CAN,HUR,TOT,PC_LF,M,2001-02,7,
CAN,HUR,TOT,PC_LF,M,2001-03,7.1,
CAN,HUR,TOT,PC_LF,M,2001-04,7.1,
CAN,HUR,TOT,PC_LF,M,2001-05,7,
CAN,HUR,TOT,PC_LF,M,2001-06,7.2,
CAN,HUR,TOT,PC_LF,M,2001-07,7.1,
CAN,HUR,TOT,PC_LF,M,2001-08,7.2,
CAN,HUR,TOT,PC_LF,M,2001-09,7.2,
CAN,HUR,TOT,PC_LF,M,2001-10,7.3,
CAN,HUR,TOT,PC_LF,M,2001-11,7.5,
CAN,HUR,TOT,PC_LF,M,2001-12,8.1,
CAN,HUR,TOT,PC_LF,M,2002-01,8,
CAN,HUR,TOT,PC_LF,M,2002-02,7.9,
CAN,HUR,TOT,PC_LF,M,2002-03,7.9,
CAN,HUR,TOT,PC_LF,M,2002-04,7.7,
CAN,HUR,TOT,PC_LF,M,2002-05,7.8,
CAN,HUR,TOT,PC_LF,M,2002-06,7.6,
CAN,HUR,TOT,PC_LF,M,2002-07,7.6,
CAN,HUR,TOT,PC_LF,M,2002-08,7.4,
CAN,HUR,TOT,PC_LF,M,2002-09,7.6,
CAN,HUR,TOT,PC_LF,M,2002-10,7.6,
CAN,HUR,TOT,PC_LF,M,2002-11,7.5,
CAN,HUR,TOT,PC_LF,M,2002-12,7.6,
CAN,HUR,TOT,PC_LF,M,2003-01,7.5,
CAN,HUR,TOT,PC_LF,M,2003-02,7.5,
CAN,HUR,TOT,PC_LF,M,2003-03,7.4,
CAN,HUR,TOT,PC_LF,M,2003-04,7.6,
CAN,HUR,TOT,PC_LF,M,2003-05,7.8,
CAN,HUR,TOT,PC_LF,M,2003-06,7.6,
CAN,HUR,TOT,PC_LF,M,2003-07,7.7,
CAN,HUR,TOT,PC_LF,M,2003-08,7.8,
CAN,HUR,TOT,PC_LF,M,2003-09,7.9,
CAN,HUR,TOT,PC_LF,M,2003-10,7.6,
CAN,HUR,TOT,PC_LF,M,2003-11,7.4,
CAN,HUR,TOT,PC_LF,M,2003-12,7.3,
CAN,HUR,TOT,PC_LF,M,2004-01,7.3,
CAN,HUR,TOT,PC_LF,M,2004-02,7.3,
CAN,HUR,TOT,PC_LF,M,2004-03,7.3,
CAN,HUR,TOT,PC_LF,M,2004-04,7.2,
CAN,HUR,TOT,PC_LF,M,2004-05,7.1,
CAN,HUR,TOT,PC_LF,M,2004-06,7.2,
CAN,HUR,TOT,PC_LF,M,2004-07,7.1,
CAN,HUR,TOT,PC_LF,M,2004-08,7,
CAN,HUR,TOT,PC_LF,M,2004-09,6.9,
CAN,HUR,TOT,PC_LF,M,2004-10,7.1,
CAN,HUR,TOT,PC_LF,M,2004-11,7.2,
CAN,HUR,TOT,PC_LF,M,2004-12,7.1,
CAN,HUR,TOT,PC_LF,M,2005-01,6.9,
CAN,HUR,TOT,PC_LF,M,2005-02,7,
CAN,HUR,TOT,PC_LF,M,2005-03,6.9,
CAN,HUR,TOT,PC_LF,M,2005-04,6.7,
CAN,HUR,TOT,PC_LF,M,2005-05,7,
CAN,HUR,TOT,PC_LF,M,2005-06,6.8,
CAN,HUR,TOT,PC_LF,M,2005-07,6.7,
CAN,HUR,TOT,PC_LF,M,2005-08,6.7,
CAN,HUR,TOT,PC_LF,M,2005-09,6.7,
CAN,HUR,TOT,PC_LF,M,2005-10,6.7,
CAN,HUR,TOT,PC_LF,M,2005-11,6.3,
CAN,HUR,TOT,PC_LF,M,2005-12,6.6,
CAN,HUR,TOT,PC_LF,M,2006-01,6.7,
CAN,HUR,TOT,PC_LF,M,2006-02,6.6,
CAN,HUR,TOT,PC_LF,M,2006-03,6.5,
CAN,HUR,TOT,PC_LF,M,2006-04,6.5,
CAN,HUR,TOT,PC_LF,M,2006-05,6.2,
CAN,HUR,TOT,PC_LF,M,2006-06,6.3,
CAN,HUR,TOT,PC_LF,M,2006-07,6.5,
CAN,HUR,TOT,PC_LF,M,2006-08,6.5,
CAN,HUR,TOT,PC_LF,M,2006-09,6.5,
CAN,HUR,TOT,PC_LF,M,2006-10,6.3,
CAN,HUR,TOT,PC_LF,M,2006-11,6.5,
CAN,HUR,TOT,PC_LF,M,2006-12,6.3,
CAN,HUR,TOT,PC_LF,M,2007-01,6.4,
CAN,HUR,TOT,PC_LF,M,2007-02,6.3,
CAN,HUR,TOT,PC_LF,M,2007-03,6.3,
CAN,HUR,TOT,PC_LF,M,2007-04,6.3,
CAN,HUR,TOT,PC_LF,M,2007-05,6.2,
CAN,HUR,TOT,PC_LF,M,2007-06,6.1,
CAN,HUR,TOT,PC_LF,M,2007-07,6,
CAN,HUR,TOT,PC_LF,M,2007-08,6,
CAN,HUR,TOT,PC_LF,M,2007-09,6,
CAN,HUR,TOT,PC_LF,M,2007-10,6,
CAN,HUR,TOT,PC_LF,M,2007-11,6.1,
CAN,HUR,TOT,PC_LF,M,2007-12,6.2,
CAN,HUR,TOT,PC_LF,M,2008-01,6.1,
CAN,HUR,TOT,PC_LF,M,2008-02,6.1,
CAN,HUR,TOT,PC_LF,M,2008-03,6.2,
CAN,HUR,TOT,PC_LF,M,2008-04,6.2,
CAN,HUR,TOT,PC_LF,M,2008-05,6.2,
CAN,HUR,TOT,PC_LF,M,2008-06,6.1,
CAN,HUR,TOT,PC_LF,M,2008-07,6.2,
CAN,HUR,TOT,PC_LF,M,2008-08,6.2,
CAN,HUR,TOT,PC_LF,M,2008-09,6.3,
CAN,HUR,TOT,PC_LF,M,2008-10,6.4,
CAN,HUR,TOT,PC_LF,M,2008-11,6.7,
CAN,HUR,TOT,PC_LF,M,2008-12,7,
CAN,HUR,TOT,PC_LF,M,2009-01,7.5,
CAN,HUR,TOT,PC_LF,M,2009-02,8.1,
CAN,HUR,TOT,PC_LF,M,2009-03,8.3,
CAN,HUR,TOT,PC_LF,M,2009-04,8.4,
CAN,HUR,TOT,PC_LF,M,2009-05,8.6,
CAN,HUR,TOT,PC_LF,M,2009-06,8.8,
CAN,HUR,TOT,PC_LF,M,2009-07,8.8,
CAN,HUR,TOT,PC_LF,M,2009-08,8.8,
CAN,HUR,TOT,PC_LF,M,2009-09,8.5,
CAN,HUR,TOT,PC_LF,M,2009-10,8.5,
CAN,HUR,TOT,PC_LF,M,2009-11,8.6,
CAN,HUR,TOT,PC_LF,M,2009-12,8.6,
CAN,HUR,TOT,PC_LF,M,2010-01,8.4,
CAN,HUR,TOT,PC_LF,M,2010-02,8.4,
CAN,HUR,TOT,PC_LF,M,2010-03,8.3,
CAN,HUR,TOT,PC_LF,M,2010-04,8.2,
CAN,HUR,TOT,PC_LF,M,2010-05,8.1,
CAN,HUR,TOT,PC_LF,M,2010-06,8,
CAN,HUR,TOT,PC_LF,M,2010-07,8.2,
CAN,HUR,TOT,PC_LF,M,2010-08,8.2,
CAN,HUR,TOT,PC_LF,M,2010-09,8.2,
CAN,HUR,TOT,PC_LF,M,2010-10,8.1,
CAN,HUR,TOT,PC_LF,M,2010-11,7.8,
CAN,HUR,TOT,PC_LF,M,2010-12,7.8,
CAN,HUR,TOT,PC_LF,M,2011-01,7.8,
CAN,HUR,TOT,PC_LF,M,2011-02,7.8,
CAN,HUR,TOT,PC_LF,M,2011-03,7.8,
CAN,HUR,TOT,PC_LF,M,2011-04,7.8,
CAN,HUR,TOT,PC_LF,M,2011-05,7.7,
CAN,HUR,TOT,PC_LF,M,2011-06,7.7,
CAN,HUR,TOT,PC_LF,M,2011-07,7.4,
CAN,HUR,TOT,PC_LF,M,2011-08,7.4,
CAN,HUR,TOT,PC_LF,M,2011-09,7.4,
CAN,HUR,TOT,PC_LF,M,2011-10,7.5,
CAN,HUR,TOT,PC_LF,M,2011-11,7.6,
CAN,HUR,TOT,PC_LF,M,2011-12,7.5,
CAN,HUR,TOT,PC_LF,M,2012-01,7.7,
CAN,HUR,TOT,PC_LF,M,2012-02,7.6,
CAN,HUR,TOT,PC_LF,M,2012-03,7.3,
CAN,HUR,TOT,PC_LF,M,2012-04,7.4,
CAN,HUR,TOT,PC_LF,M,2012-05,7.5,
CAN,HUR,TOT,PC_LF,M,2012-06,7.4,
CAN,HUR,TOT,PC_LF,M,2012-07,7.3,
CAN,HUR,TOT,PC_LF,M,2012-08,7.4,
CAN,HUR,TOT,PC_LF,M,2012-09,7.4,
CAN,HUR,TOT,PC_LF,M,2012-10,7.4,
CAN,HUR,TOT,PC_LF,M,2012-11,7.3,
CAN,HUR,TOT,PC_LF,M,2012-12,7.2,
CAN,HUR,TOT,PC_LF,M,2013-01,7.1,
CAN,HUR,TOT,PC_LF,M,2013-02,7,
CAN,HUR,TOT,PC_LF,M,2013-03,7.3,
CAN,HUR,TOT,PC_LF,M,2013-04,7.2,
CAN,HUR,TOT,PC_LF,M,2013-05,7,
CAN,HUR,TOT,PC_LF,M,2013-06,7.2,
CAN,HUR,TOT,PC_LF,M,2013-07,7.3,
CAN,HUR,TOT,PC_LF,M,2013-08,7.2,
CAN,HUR,TOT,PC_LF,M,2013-09,7.1,
CAN,HUR,TOT,PC_LF,M,2013-10,7.2,
CAN,HUR,TOT,PC_LF,M,2013-11,7.1,
CAN,HUR,TOT,PC_LF,M,2013-12,7.4,
CAN,HUR,TOT,PC_LF,M,2014-01,7.2,
CAN,HUR,TOT,PC_LF,M,2014-02,7.2,
CAN,HUR,TOT,PC_LF,M,2014-03,7.1,
CAN,HUR,TOT,PC_LF,M,2014-04,7.1,
CAN,HUR,TOT,PC_LF,M,2014-05,7.3,
CAN,HUR,TOT,PC_LF,M,2014-06,7.1,
CAN,HUR,TOT,PC_LF,M,2014-07,7.1,
CAN,HUR,TOT,PC_LF,M,2014-08,7,
CAN,HUR,TOT,PC_LF,M,2014-09,7,
CAN,HUR,TOT,PC_LF,M,2014-10,6.8,
CAN,HUR,TOT,PC_LF,M,2014-11,6.8,
CAN,HUR,TOT,PC_LF,M,2014-12,6.7,
CAN,HUR,TOT,PC_LF,M,2015-01,6.8,
CAN,HUR,TOT,PC_LF,M,2015-02,6.9,
CAN,HUR,TOT,PC_LF,M,2015-03,6.8,
CAN,HUR,TOT,PC_LF,M,2015-04,6.9,
CAN,HUR,TOT,PC_LF,M,2015-05,6.8,
CAN,HUR,TOT,PC_LF,M,2015-06,6.9,
CAN,HUR,TOT,PC_LF,M,2015-07,6.9,
CAN,HUR,TOT,PC_LF,M,2015-08,7,
CAN,HUR,TOT,PC_LF,M,2015-09,7.1,
CAN,HUR,TOT,PC_LF,M,2015-10,7,
CAN,HUR,TOT,PC_LF,M,2015-11,7.1,
CAN,HUR,TOT,PC_LF,M,2015-12,7.2,
CAN,HUR,TOT,PC_LF,M,2016-01,7.3,
CAN,HUR,TOT,PC_LF,M,2016-02,7.3,
CAN,HUR,TOT,PC_LF,M,2016-03,7.2,
CAN,HUR,TOT,PC_LF,M,2016-04,7.3,
CAN,HUR,TOT,PC_LF,M,2016-05,7,
CAN,HUR,TOT,PC_LF,M,2016-06,6.9,
CAN,HUR,TOT,PC_LF,M,2016-07,6.9,
CAN,HUR,TOT,PC_LF,M,2016-08,6.9,
CAN,HUR,TOT,PC_LF,M,2016-09,7,
CAN,HUR,TOT,PC_LF,M,2016-10,6.9,
CAN,HUR,TOT,PC_LF,M,2016-11,6.8,
CAN,HUR,TOT,PC_LF,M,2016-12,6.9,
CAN,HUR,TOT,PC_LF,M,2017-01,6.8,
CAN,HUR,TOT,PC_LF,M,2017-02,6.6,
CAN,HUR,TOT,PC_LF,M,2017-03,6.7,
CAN,HUR,TOT,PC_LF,M,2017-04,6.5,
CAN,HUR,TOT,PC_LF,M,2017-05,6.6,
CAN,HUR,TOT,PC_LF,M,2017-06,6.5,
CAN,HUR,TOT,PC_LF,M,2017-07,6.3,
CAN,HUR,TOT,PC_LF,M,2017-08,6.2,
CAN,HUR,TOT,PC_LF,M,2017-09,6.2,
CAN,HUR,TOT,PC_LF,M,2017-10,6.4,
CAN,HUR,TOT,PC_LF,M,2017-11,6.1,
CAN,HUR,TOT,PC_LF,M,2017-12,6,
CAN,HUR,TOT,PC_LF,M,2018-01,5.9,
CAN,HUR,TOT,PC_LF,M,2018-02,6,
CAN,HUR,TOT,PC_LF,M,2018-03,5.8,
CAN,HUR,TOT,PC_LF,M,2018-04,5.8,
CAN,HUR,TOT,PC_LF,M,2018-05,5.9,
CAN,HUR,TOT,PC_LF,M,2018-06,6,
CAN,HUR,TOT,PC_LF,M,2018-07,5.9,
CAN,HUR,TOT,PC_LF,M,2018-08,6,
CAN,HUR,TOT,PC_LF,M,2018-09,5.8,
CAN,HUR,TOT,PC_LF,M,2018-10,5.7,
CAN,HUR,TOT,PC_LF,M,2018-11,5.7,
CAN,HUR,TOT,PC_LF,M,2018-12,5.7,
CAN,HUR,TOT,PC_LF,M,2019-01,5.7,
CAN,HUR,TOT,PC_LF,M,2019-02,5.8,
CAN,HUR,TOT,PC_LF,M,2019-03,5.9,
CAN,HUR,TOT,PC_LF,M,2019-04,5.7,
CAN,HUR,TOT,PC_LF,M,2019-05,5.4,
CAN,HUR,TOT,PC_LF,M,2019-06,5.6,
CAN,HUR,TOT,PC_LF,M,2019-07,5.8,
CAN,HUR,TOT,PC_LF,M,2019-08,5.8,
CAN,HUR,TOT,PC_LF,M,2019-09,5.6,
CAN,HUR,TOT,PC_LF,M,2019-10,5.6,
CAN,HUR,TOT,PC_LF,M,2019-11,5.9,
CAN,HUR,TOT,PC_LF,M,2019-12,5.6,
CAN,HUR,TOT,PC_LF,M,2020-01,5.5,
CAN,HUR,TOT,PC_LF,M,2020-02,5.7,
CAN,HUR,TOT,PC_LF,M,2020-03,8.4,
CAN,HUR,TOT,PC_LF,M,2020-04,13.6,
CAN,HUR,TOT,PC_LF,M,2020-05,14.1,
CAN,HUR,TOT,PC_LF,M,2020-06,12.4,
CAN,HUR,TOT,PC_LF,M,2020-07,11,
CAN,HUR,TOT,PC_LF,M,2020-08,10.2,
CAN,HUR,TOT,PC_LF,M,2020-09,9.2,
CAN,HUR,TOT,PC_LF,M,2020-10,9,
CAN,HUR,TOT,PC_LF,M,2020-11,8.7,
CAN,HUR,TOT,PC_LF,M,2020-12,8.9,
CAN,HUR,TOT,PC_LF,M,2021-01,9.2,
CAN,HUR,TOT,PC_LF,M,2021-02,8.5,
CAN,HUR,TOT,PC_LF,M,2021-03,7.6,
CAN,HUR,TOT,PC_LF,M,2021-04,8.2,
CAN,HUR,TOT,PC_LF,M,2021-05,8.2,
CAN,HUR,TOT,PC_LF,M,2021-06,7.8,
CAN,HUR,TOT,PC_LF,M,2021-07,7.5,
CAN,HUR,TOT,PC_LF,M,2021-08,7.2,
CAN,HUR,TOT,PC_LF,M,2021-09,7.1,
CAN,HUR,TOT,PC_LF,M,2021-10,6.6,
CAN,HUR,TOT,PC_LF,M,2021-11,6.2,
CAN,HUR,TOT,PC_LF,M,2021-12,6,
CAN,HUR,TOT,PC_LF,M,2022-01,6.5,
CAN,HUR,TOT,PC_LF,M,2022-02,5.4,
CAN,HUR,TOT,PC_LF,M,2022-03,5.3,
CAN,HUR,TOT,PC_LF,M,2022-04,5.3,
CAN,HUR,TOT,PC_LF,M,2022-05,5.2,
CAN,HUR,TOT,PC_LF,M,2022-06,4.9,
CAN,HUR,TOT,PC_LF,M,2022-07,4.9,
CAN,HUR,TOT,PC_LF,M,2022-08,5.3,
CAN,HUR,TOT,PC_LF,M,2022-09,5.2,
CAN,HUR,TOT,PC_LF,M,2022-10,5.2,
CAN,HUR,TOT,PC_LF,M,2022-11,5.1,
CAN,HUR,TOT,PC_LF,M,2022-12,5,
CAN,HUR,TOT,PC_LF,M,2023-01,5,
CAN,HUR,TOT,PC_LF,M,2023-02,5,
CAN,HUR,TOT,PC_LF,M,2023-03,5,
FRA,HUR,TOT,PC_LF,M,1991-05,9.4,
FRA,HUR,TOT,PC_LF,M,1991-06,9.5,
FRA,HUR,TOT,PC_LF,M,1991-07,9.6,
FRA,HUR,TOT,PC_LF,M,1991-08,9.7,
FRA,HUR,TOT,PC_LF,M,1991-09,9.8,
FRA,HUR,TOT,PC_LF,M,1991-10,9.9,
FRA,HUR,TOT,PC_LF,M,1991-11,10,
FRA,HUR,TOT,PC_LF,M,1991-12,10.1,
FRA,HUR,TOT,PC_LF,M,1992-01,10.2,
FRA,HUR,TOT,PC_LF,M,1992-02,10.3,
FRA,HUR,TOT,PC_LF,M,1992-03,10.3,
FRA,HUR,TOT,PC_LF,M,1992-04,10.4,
FRA,HUR,TOT,PC_LF,M,1992-05,10.5,
FRA,HUR,TOT,PC_LF,M,1992-06,10.6,
FRA,HUR,TOT,PC_LF,M,1992-07,10.7,
FRA,HUR,TOT,PC_LF,M,1992-08,10.8,
FRA,HUR,TOT,PC_LF,M,1992-09,10.9,
FRA,HUR,TOT,PC_LF,M,1992-10,10.9,
FRA,HUR,TOT,PC_LF,M,1992-11,11,
FRA,HUR,TOT,PC_LF,M,1992-12,11.1,
FRA,HUR,TOT,PC_LF,M,1993-01,11.2,
FRA,HUR,TOT,PC_LF,M,1993-02,11.3,
FRA,HUR,TOT,PC_LF,M,1993-03,11.4,
FRA,HUR,TOT,PC_LF,M,1993-04,11.6,
FRA,HUR,TOT,PC_LF,M,1993-05,11.7,
FRA,HUR,TOT,PC_LF,M,1993-06,11.8,
FRA,HUR,TOT,PC_LF,M,1993-07,11.9,
FRA,HUR,TOT,PC_LF,M,1993-08,12,
FRA,HUR,TOT,PC_LF,M,1993-09,12.2,
FRA,HUR,TOT,PC_LF,M,1993-10,12.3,
FRA,HUR,TOT,PC_LF,M,1993-11,12.4,
FRA,HUR,TOT,PC_LF,M,1993-12,12.4,
FRA,HUR,TOT,PC_LF,M,1994-01,12.5,
FRA,HUR,TOT,PC_LF,M,1994-02,12.5,
FRA,HUR,TOT,PC_LF,M,1994-03,12.5,
FRA,HUR,TOT,PC_LF,M,1994-04,12.5,
FRA,HUR,TOT,PC_LF,M,1994-05,12.4,
FRA,HUR,TOT,PC_LF,M,1994-06,12.3,
FRA,HUR,TOT,PC_LF,M,1994-07,12.3,
FRA,HUR,TOT,PC_LF,M,1994-08,12.2,
FRA,HUR,TOT,PC_LF,M,1994-09,12.1,
FRA,HUR,TOT,PC_LF,M,1994-10,12.1,
FRA,HUR,TOT,PC_LF,M,1994-11,12,
FRA,HUR,TOT,PC_LF,M,1994-12,11.9,
FRA,HUR,TOT,PC_LF,M,1995-01,11.8,
FRA,HUR,TOT,PC_LF,M,1995-02,11.8,
FRA,HUR,TOT,PC_LF,M,1995-03,11.8,
FRA,HUR,TOT,PC_LF,M,1995-04,11.8,
FRA,HUR,TOT,PC_LF,M,1995-05,11.9,
FRA,HUR,TOT,PC_LF,M,1995-06,11.9,
FRA,HUR,TOT,PC_LF,M,1995-07,11.9,
FRA,HUR,TOT,PC_LF,M,1995-08,12,
FRA,HUR,TOT,PC_LF,M,1995-09,12.1,
FRA,HUR,TOT,PC_LF,M,1995-10,12.1,
FRA,HUR,TOT,PC_LF,M,1995-11,12.2,
FRA,HUR,TOT,PC_LF,M,1995-12,12.2,
FRA,HUR,TOT,PC_LF,M,1996-01,12.3,
FRA,HUR,TOT,PC_LF,M,1996-02,12.3,
FRA,HUR,TOT,PC_LF,M,1996-03,12.3,
FRA,HUR,TOT,PC_LF,M,1996-04,12.3,
FRA,HUR,TOT,PC_LF,M,1996-05,12.4,
FRA,HUR,TOT,PC_LF,M,1996-06,12.4,
FRA,HUR,TOT,PC_LF,M,1996-07,12.4,
FRA,HUR,TOT,PC_LF,M,1996-08,12.4,
FRA,HUR,TOT,PC_LF,M,1996-09,12.5,
FRA,HUR,TOT,PC_LF,M,1996-10,12.5,
FRA,HUR,TOT,PC_LF,M,1996-11,12.5,
FRA,HUR,TOT,PC_LF,M,1996-12,12.5,
FRA,HUR,TOT,PC_LF,M,1997-01,12.5,
FRA,HUR,TOT,PC_LF,M,1997-02,12.5,
FRA,HUR,TOT,PC_LF,M,1997-03,12.5,
FRA,HUR,TOT,PC_LF,M,1997-04,12.4,
FRA,HUR,TOT,PC_LF,M,1997-05,12.4,
FRA,HUR,TOT,PC_LF,M,1997-06,12.4,
FRA,HUR,TOT,PC_LF,M,1997-07,12.4,
FRA,HUR,TOT,PC_LF,M,1997-08,12.3,
FRA,HUR,TOT,PC_LF,M,1997-09,12.3,
FRA,HUR,TOT,PC_LF,M,1997-10,12.2,
FRA,HUR,TOT,PC_LF,M,1997-11,12.2,
FRA,HUR,TOT,PC_LF,M,1997-12,12.1,
FRA,HUR,TOT,PC_LF,M,1998-01,12.1,
FRA,HUR,TOT,PC_LF,M,1998-02,12,
FRA,HUR,TOT,PC_LF,M,1998-03,12,
FRA,HUR,TOT,PC_LF,M,1998-04,12,
FRA,HUR,TOT,PC_LF,M,1998-05,12.1,
FRA,HUR,TOT,PC_LF,M,1998-06,12.1,
FRA,HUR,TOT,PC_LF,M,1998-07,12.1,
FRA,HUR,TOT,PC_LF,M,1998-08,12.1,
FRA,HUR,TOT,PC_LF,M,1998-09,12.1,
FRA,HUR,TOT,PC_LF,M,1998-10,12,
FRA,HUR,TOT,PC_LF,M,1998-11,12,
FRA,HUR,TOT,PC_LF,M,1998-12,12,
FRA,HUR,TOT,PC_LF,M,1999-01,12,
FRA,HUR,TOT,PC_LF,M,1999-02,12,
FRA,HUR,TOT,PC_LF,M,1999-03,11.8,
FRA,HUR,TOT,PC_LF,M,1999-04,11.7,
FRA,HUR,TOT,PC_LF,M,1999-05,11.5,
FRA,HUR,TOT,PC_LF,M,1999-06,11.4,
FRA,HUR,TOT,PC_LF,M,1999-07,11.3,
FRA,HUR,TOT,PC_LF,M,1999-08,11.1,
FRA,HUR,TOT,PC_LF,M,1999-09,11,
FRA,HUR,TOT,PC_LF,M,1999-10,10.8,
FRA,HUR,TOT,PC_LF,M,1999-11,10.7,
FRA,HUR,TOT,PC_LF,M,1999-12,10.5,
FRA,HUR,TOT,PC_LF,M,2000-01,10.4,
FRA,HUR,TOT,PC_LF,M,2000-02,10.2,
FRA,HUR,TOT,PC_LF,M,2000-03,10.1,
FRA,HUR,TOT,PC_LF,M,2000-04,9.9,
FRA,HUR,TOT,PC_LF,M,2000-05,9.7,
FRA,HUR,TOT,PC_LF,M,2000-06,9.5,
FRA,HUR,TOT,PC_LF,M,2000-07,9.4,
FRA,HUR,TOT,PC_LF,M,2000-08,9.3,
FRA,HUR,TOT,PC_LF,M,2000-09,9.1,
FRA,HUR,TOT,PC_LF,M,2000-10,9,
FRA,HUR,TOT,PC_LF,M,2000-11,8.9,
FRA,HUR,TOT,PC_LF,M,2000-12,8.8,
FRA,HUR,TOT,PC_LF,M,2001-01,8.7,
FRA,HUR,TOT,PC_LF,M,2001-02,8.7,
FRA,HUR,TOT,PC_LF,M,2001-03,8.7,
FRA,HUR,TOT,PC_LF,M,2001-04,8.7,
FRA,HUR,TOT,PC_LF,M,2001-05,8.7,
FRA,HUR,TOT,PC_LF,M,2001-06,8.8,
FRA,HUR,TOT,PC_LF,M,2001-07,8.8,
FRA,HUR,TOT,PC_LF,M,2001-08,8.8,
FRA,HUR,TOT,PC_LF,M,2001-09,8.8,
FRA,HUR,TOT,PC_LF,M,2001-10,8.8,
FRA,HUR,TOT,PC_LF,M,2001-11,8.8,
FRA,HUR,TOT,PC_LF,M,2001-12,8.8,
FRA,HUR,TOT,PC_LF,M,2002-01,8.8,
FRA,HUR,TOT,PC_LF,M,2002-02,8.8,
FRA,HUR,TOT,PC_LF,M,2002-03,8.7,
FRA,HUR,TOT,PC_LF,M,2002-04,8.7,
FRA,HUR,TOT,PC_LF,M,2002-05,8.6,
FRA,HUR,TOT,PC_LF,M,2002-06,8.6,
FRA,HUR,TOT,PC_LF,M,2002-07,8.6,
FRA,HUR,TOT,PC_LF,M,2002-08,8.6,
FRA,HUR,TOT,PC_LF,M,2002-09,8.6,
FRA,HUR,TOT,PC_LF,M,2002-10,8.6,
FRA,HUR,TOT,PC_LF,M,2002-11,8.6,
FRA,HUR,TOT,PC_LF,M,2002-12,8.5,B
FRA,HUR,TOT,PC_LF,M,2003-01,8.2,
FRA,HUR,TOT,PC_LF,M,2003-02,8.3,
FRA,HUR,TOT,PC_LF,M,2003-03,8.4,
FRA,HUR,TOT,PC_LF,M,2003-04,8.5,
FRA,HUR,TOT,PC_LF,M,2003-05,8.5,
FRA,HUR,TOT,PC_LF,M,2003-06,8.5,
FRA,HUR,TOT,PC_LF,M,2003-07,8.5,
FRA,HUR,TOT,PC_LF,M,2003-08,8.3,
FRA,HUR,TOT,PC_LF,M,2003-09,8.5,
FRA,HUR,TOT,PC_LF,M,2003-10,8.7,
FRA,HUR,TOT,PC_LF,M,2003-11,8.8,
FRA,HUR,TOT,PC_LF,M,2003-12,9,
FRA,HUR,TOT,PC_LF,M,2004-01,8.9,
FRA,HUR,TOT,PC_LF,M,2004-02,8.9,
FRA,HUR,TOT,PC_LF,M,2004-03,8.9,
FRA,HUR,TOT,PC_LF,M,2004-04,8.8,
FRA,HUR,TOT,PC_LF,M,2004-05,8.8,
FRA,HUR,TOT,PC_LF,M,2004-06,8.8,
FRA,HUR,TOT,PC_LF,M,2004-07,8.8,
FRA,HUR,TOT,PC_LF,M,2004-08,8.9,
FRA,HUR,TOT,PC_LF,M,2004-09,8.9,
FRA,HUR,TOT,PC_LF,M,2004-10,8.9,
FRA,HUR,TOT,PC_LF,M,2004-11,9,
FRA,HUR,TOT,PC_LF,M,2004-12,8.9,
FRA,HUR,TOT,PC_LF,M,2005-01,8.7,
FRA,HUR,TOT,PC_LF,M,2005-02,8.6,
FRA,HUR,TOT,PC_LF,M,2005-03,8.6,
FRA,HUR,TOT,PC_LF,M,2005-04,8.7,
FRA,HUR,TOT,PC_LF,M,2005-05,8.8,
FRA,HUR,TOT,PC_LF,M,2005-06,8.9,
FRA,HUR,TOT,PC_LF,M,2005-07,8.9,
FRA,HUR,TOT,PC_LF,M,2005-08,9,
FRA,HUR,TOT,PC_LF,M,2005-09,9,
FRA,HUR,TOT,PC_LF,M,2005-10,9.1,
FRA,HUR,TOT,PC_LF,M,2005-11,9.1,
FRA,HUR,TOT,PC_LF,M,2005-12,9.1,
FRA,HUR,TOT,PC_LF,M,2006-01,9.2,
FRA,HUR,TOT,PC_LF,M,2006-02,9.2,
FRA,HUR,TOT,PC_LF,M,2006-03,9.1,
FRA,HUR,TOT,PC_LF,M,2006-04,9,
FRA,HUR,TOT,PC_LF,M,2006-05,8.9,
FRA,HUR,TOT,PC_LF,M,2006-06,8.9,
FRA,HUR,TOT,PC_LF,M,2006-07,9,
FRA,HUR,TOT,PC_LF,M,2006-08,9,
FRA,HUR,TOT,PC_LF,M,2006-09,8.8,
FRA,HUR,TOT,PC_LF,M,2006-10,8.5,
FRA,HUR,TOT,PC_LF,M,2006-11,8.3,
FRA,HUR,TOT,PC_LF,M,2006-12,8.3,
FRA,HUR,TOT,PC_LF,M,2007-01,8.5,
FRA,HUR,TOT,PC_LF,M,2007-02,8.5,
FRA,HUR,TOT,PC_LF,M,2007-03,8.4,
FRA,HUR,TOT,PC_LF,M,2007-04,8.2,
FRA,HUR,TOT,PC_LF,M,2007-05,8.1,
FRA,HUR,TOT,PC_LF,M,2007-06,8,
FRA,HUR,TOT,PC_LF,M,2007-07,8.1,
FRA,HUR,TOT,PC_LF,M,2007-08,8,
FRA,HUR,TOT,PC_LF,M,2007-09,7.9,
FRA,HUR,TOT,PC_LF,M,2007-10,7.7,
FRA,HUR,TOT,PC_LF,M,2007-11,7.5,
FRA,HUR,TOT,PC_LF,M,2007-12,7.3,
FRA,HUR,TOT,PC_LF,M,2008-01,7.2,
FRA,HUR,TOT,PC_LF,M,2008-02,7.1,
FRA,HUR,TOT,PC_LF,M,2008-03,7.1,
FRA,HUR,TOT,PC_LF,M,2008-04,7.2,
FRA,HUR,TOT,PC_LF,M,2008-05,7.3,
FRA,HUR,TOT,PC_LF,M,2008-06,7.4,
FRA,HUR,TOT,PC_LF,M,2008-07,7.5,
FRA,HUR,TOT,PC_LF,M,2008-08,7.5,
FRA,HUR,TOT,PC_LF,M,2008-09,7.6,
FRA,HUR,TOT,PC_LF,M,2008-10,7.6,
FRA,HUR,TOT,PC_LF,M,2008-11,7.8,
FRA,HUR,TOT,PC_LF,M,2008-12,8,
FRA,HUR,TOT,PC_LF,M,2009-01,8.2,
FRA,HUR,TOT,PC_LF,M,2009-02,8.6,
FRA,HUR,TOT,PC_LF,M,2009-03,8.9,
FRA,HUR,TOT,PC_LF,M,2009-04,9.1,
FRA,HUR,TOT,PC_LF,M,2009-05,9.2,
FRA,HUR,TOT,PC_LF,M,2009-06,9.2,
FRA,HUR,TOT,PC_LF,M,2009-07,9.1,
FRA,HUR,TOT,PC_LF,M,2009-08,9.2,
FRA,HUR,TOT,PC_LF,M,2009-09,9.3,
FRA,HUR,TOT,PC_LF,M,2009-10,9.5,
FRA,HUR,TOT,PC_LF,M,2009-11,9.6,
FRA,HUR,TOT,PC_LF,M,2009-12,9.5,
FRA,HUR,TOT,PC_LF,M,2010-01,9.5,
FRA,HUR,TOT,PC_LF,M,2010-02,9.4,
FRA,HUR,TOT,PC_LF,M,2010-03,9.3,
FRA,HUR,TOT,PC_LF,M,2010-04,9.3,
FRA,HUR,TOT,PC_LF,M,2010-05,9.3,
FRA,HUR,TOT,PC_LF,M,2010-06,9.2,
FRA,HUR,TOT,PC_LF,M,2010-07,9.2,
FRA,HUR,TOT,PC_LF,M,2010-08,9.2,
FRA,HUR,TOT,PC_LF,M,2010-09,9.2,
FRA,HUR,TOT,PC_LF,M,2010-10,9.2,
FRA,HUR,TOT,PC_LF,M,2010-11,9.2,
FRA,HUR,TOT,PC_LF,M,2010-12,9.2,
FRA,HUR,TOT,PC_LF,M,2011-01,9.2,
FRA,HUR,TOT,PC_LF,M,2011-02,9.2,
FRA,HUR,TOT,PC_LF,M,2011-03,9.1,
FRA,HUR,TOT,PC_LF,M,2011-04,9.1,
FRA,HUR,TOT,PC_LF,M,2011-05,9.1,
FRA,HUR,TOT,PC_LF,M,2011-06,9.1,
FRA,HUR,TOT,PC_LF,M,2011-07,9.2,
FRA,HUR,TOT,PC_LF,M,2011-08,9.2,
FRA,HUR,TOT,PC_LF,M,2011-09,9.2,
FRA,HUR,TOT,PC_LF,M,2011-10,9.3,
FRA,HUR,TOT,PC_LF,M,2011-11,9.4,
FRA,HUR,TOT,PC_LF,M,2011-12,9.4,
FRA,HUR,TOT,PC_LF,M,2012-01,9.5,
FRA,HUR,TOT,PC_LF,M,2012-02,9.5,
FRA,HUR,TOT,PC_LF,M,2012-03,9.5,
FRA,HUR,TOT,PC_LF,M,2012-04,9.6,
FRA,HUR,TOT,PC_LF,M,2012-05,9.7,
FRA,HUR,TOT,PC_LF,M,2012-06,9.7,
FRA,HUR,TOT,PC_LF,M,2012-07,9.7,
FRA,HUR,TOT,PC_LF,M,2012-08,9.7,
FRA,HUR,TOT,PC_LF,M,2012-09,9.8,
FRA,HUR,TOT,PC_LF,M,2012-10,10,
FRA,HUR,TOT,PC_LF,M,2012-11,10.2,
FRA,HUR,TOT,PC_LF,M,2012-12,10.3,
FRA,HUR,TOT,PC_LF,M,2013-01,10.4,
FRA,HUR,TOT,PC_LF,M,2013-02,10.4,
FRA,HUR,TOT,PC_LF,M,2013-03,10.4,
FRA,HUR,TOT,PC_LF,M,2013-04,10.5,
FRA,HUR,TOT,PC_LF,M,2013-05,10.4,
FRA,HUR,TOT,PC_LF,M,2013-06,10.4,
FRA,HUR,TOT,PC_LF,M,2013-07,10.3,
FRA,HUR,TOT,PC_LF,M,2013-08,10.1,
FRA,HUR,TOT,PC_LF,M,2013-09,10.2,
FRA,HUR,TOT,PC_LF,M,2013-10,10.1,
FRA,HUR,TOT,PC_LF,M,2013-11,10.2,
FRA,HUR,TOT,PC_LF,M,2013-12,10.2,
FRA,HUR,TOT,PC_LF,M,2014-01,10.2,
FRA,HUR,TOT,PC_LF,M,2014-02,10.2,
FRA,HUR,TOT,PC_LF,M,2014-03,10.2,
FRA,HUR,TOT,PC_LF,M,2014-04,10.1,
FRA,HUR,TOT,PC_LF,M,2014-05,10.1,
FRA,HUR,TOT,PC_LF,M,2014-06,10.2,
FRA,HUR,TOT,PC_LF,M,2014-07,10.2,
FRA,HUR,TOT,PC_LF,M,2014-08,10.2,
FRA,HUR,TOT,PC_LF,M,2014-09,10.3,
FRA,HUR,TOT,PC_LF,M,2014-10,10.4,
FRA,HUR,TOT,PC_LF,M,2014-11,10.5,
FRA,HUR,TOT,PC_LF,M,2014-12,10.5,
FRA,HUR,TOT,PC_LF,M,2015-01,10.4,
FRA,HUR,TOT,PC_LF,M,2015-02,10.3,
FRA,HUR,TOT,PC_LF,M,2015-03,10.4,
FRA,HUR,TOT,PC_LF,M,2015-04,10.4,
FRA,HUR,TOT,PC_LF,M,2015-05,10.5,
FRA,HUR,TOT,PC_LF,M,2015-06,10.4,
FRA,HUR,TOT,PC_LF,M,2015-07,10.3,
FRA,HUR,TOT,PC_LF,M,2015-08,10.3,
FRA,HUR,TOT,PC_LF,M,2015-09,10.3,
FRA,HUR,TOT,PC_LF,M,2015-10,10.3,
FRA,HUR,TOT,PC_LF,M,2015-11,10.3,
FRA,HUR,TOT,PC_LF,M,2015-12,10.2,
FRA,HUR,TOT,PC_LF,M,2016-01,10.3,
FRA,HUR,TOT,PC_LF,M,2016-02,10.4,
FRA,HUR,TOT,PC_LF,M,2016-03,10.2,
FRA,HUR,TOT,PC_LF,M,2016-04,10.1,
FRA,HUR,TOT,PC_LF,M,2016-05,10,
FRA,HUR,TOT,PC_LF,M,2016-06,9.9,
FRA,HUR,TOT,PC_LF,M,2016-07,9.8,
FRA,HUR,TOT,PC_LF,M,2016-08,9.9,
FRA,HUR,TOT,PC_LF,M,2016-09,9.9,
FRA,HUR,TOT,PC_LF,M,2016-10,10.1,
FRA,HUR,TOT,PC_LF,M,2016-11,10.1,
FRA,HUR,TOT,PC_LF,M,2016-12,10,
FRA,HUR,TOT,PC_LF,M,2017-01,9.7,
FRA,HUR,TOT,PC_LF,M,2017-02,9.6,
FRA,HUR,TOT,PC_LF,M,2017-03,9.6,
FRA,HUR,TOT,PC_LF,M,2017-04,9.5,
FRA,HUR,TOT,PC_LF,M,2017-05,9.5,
FRA,HUR,TOT,PC_LF,M,2017-06,9.5,
FRA,HUR,TOT,PC_LF,M,2017-07,9.6,
FRA,HUR,TOT,PC_LF,M,2017-08,9.5,
FRA,HUR,TOT,PC_LF,M,2017-09,9.3,
FRA,HUR,TOT,PC_LF,M,2017-10,9.1,
FRA,HUR,TOT,PC_LF,M,2017-11,9,
FRA,HUR,TOT,PC_LF,M,2017-12,9,
FRA,HUR,TOT,PC_LF,M,2018-01,9.2,
FRA,HUR,TOT,PC_LF,M,2018-02,9.3,
FRA,HUR,TOT,PC_LF,M,2018-03,9.3,
FRA,HUR,TOT,PC_LF,M,2018-04,9.2,
FRA,HUR,TOT,PC_LF,M,2018-05,9.1,
FRA,HUR,TOT,PC_LF,M,2018-06,9,
FRA,HUR,TOT,PC_LF,M,2018-07,9,
FRA,HUR,TOT,PC_LF,M,2018-08,8.9,
FRA,HUR,TOT,PC_LF,M,2018-09,8.8,
FRA,HUR,TOT,PC_LF,M,2018-10,8.8,
FRA,HUR,TOT,PC_LF,M,2018-11,8.8,
FRA,HUR,TOT,PC_LF,M,2018-12,8.8,
FRA,HUR,TOT,PC_LF,M,2019-01,8.8,
FRA,HUR,TOT,PC_LF,M,2019-02,8.7,
FRA,HUR,TOT,PC_LF,M,2019-03,8.7,
FRA,HUR,TOT,PC_LF,M,2019-04,8.5,
FRA,HUR,TOT,PC_LF,M,2019-05,8.5,
FRA,HUR,TOT,PC_LF,M,2019-06,8.5,
FRA,HUR,TOT,PC_LF,M,2019-07,8.4,
FRA,HUR,TOT,PC_LF,M,2019-08,8.3,
FRA,HUR,TOT,PC_LF,M,2019-09,8.2,
FRA,HUR,TOT,PC_LF,M,2019-10,8.2,
FRA,HUR,TOT,PC_LF,M,2019-11,8.2,
FRA,HUR,TOT,PC_LF,M,2019-12,8.2,
FRA,HUR,TOT,PC_LF,M,2020-01,8.2,
FRA,HUR,TOT,PC_LF,M,2020-02,7.8,
FRA,HUR,TOT,PC_LF,M,2020-03,7.6,
FRA,HUR,TOT,PC_LF,M,2020-04,7.6,
FRA,HUR,TOT,PC_LF,M,2020-05,7,
FRA,HUR,TOT,PC_LF,M,2020-06,7.4,
FRA,HUR,TOT,PC_LF,M,2020-07,8.6,
FRA,HUR,TOT,PC_LF,M,2020-08,9,
FRA,HUR,TOT,PC_LF,M,2020-09,8.9,
FRA,HUR,TOT,PC_LF,M,2020-10,8.3,
FRA,HUR,TOT,PC_LF,M,2020-11,8.1,
FRA,HUR,TOT,PC_LF,M,2020-12,7.9,
FRA,HUR,TOT,PC_LF,M,2021-01,8,
FRA,HUR,TOT,PC_LF,M,2021-02,8.2,
FRA,HUR,TOT,PC_LF,M,2021-03,8.2,
FRA,HUR,TOT,PC_LF,M,2021-04,8.2,
FRA,HUR,TOT,PC_LF,M,2021-05,8,
FRA,HUR,TOT,PC_LF,M,2021-06,7.9,
FRA,HUR,TOT,PC_LF,M,2021-07,7.9,
FRA,HUR,TOT,PC_LF,M,2021-08,7.8,
FRA,HUR,TOT,PC_LF,M,2021-09,7.7,
FRA,HUR,TOT,PC_LF,M,2021-10,7.5,
FRA,HUR,TOT,PC_LF,M,2021-11,7.4,
FRA,HUR,TOT,PC_LF,M,2021-12,7.4,
FRA,HUR,TOT,PC_LF,M,2022-01,7.3,
FRA,HUR,TOT,PC_LF,M,2022-02,7.3,
FRA,HUR,TOT,PC_LF,M,2022-03,7.4,
FRA,HUR,TOT,PC_LF,M,2022-04,7.5,
FRA,HUR,TOT,PC_LF,M,2022-05,7.5,
FRA,HUR,TOT,PC_LF,M,2022-06,7.5,
FRA,HUR,TOT,PC_LF,M,2022-07,7.3,
FRA,HUR,TOT,PC_LF,M,2022-08,7.2,
FRA,HUR,TOT,PC_LF,M,2022-09,7.1,
FRA,HUR,TOT,PC_LF,M,2022-10,7.2,
FRA,HUR,TOT,PC_LF,M,2022-11,7.2,
FRA,HUR,TOT,PC_LF,M,2022-12,7.2,
FRA,HUR,TOT,PC_LF,M,2023-01,7.1,
FRA,HUR,TOT,PC_LF,M,2023-02,7,
DEU,HUR,TOT,PC_LF,M,1991-05,5.3,
DEU,HUR,TOT,PC_LF,M,1991-06,5.4,
DEU,HUR,TOT,PC_LF,M,1991-07,5.5,
DEU,HUR,TOT,PC_LF,M,1991-08,5.6,
DEU,HUR,TOT,PC_LF,M,1991-09,5.7,
DEU,HUR,TOT,PC_LF,M,1991-10,5.8,
DEU,HUR,TOT,PC_LF,M,1991-11,5.9,
DEU,HUR,TOT,PC_LF,M,1991-12,6,
DEU,HUR,TOT,PC_LF,M,1992-01,6,
DEU,HUR,TOT,PC_LF,M,1992-02,6.1,
DEU,HUR,TOT,PC_LF,M,1992-03,6.2,
DEU,HUR,TOT,PC_LF,M,1992-04,6.3,
DEU,HUR,TOT,PC_LF,M,1992-05,6.4,
DEU,HUR,TOT,PC_LF,M,1992-06,6.5,
DEU,HUR,TOT,PC_LF,M,1992-07,6.6,
DEU,HUR,TOT,PC_LF,M,1992-08,6.8,
DEU,HUR,TOT,PC_LF,M,1992-09,6.9,
DEU,HUR,TOT,PC_LF,M,1992-10,7,
DEU,HUR,TOT,PC_LF,M,1992-11,7.1,
DEU,HUR,TOT,PC_LF,M,1992-12,7.2,
DEU,HUR,TOT,PC_LF,M,1993-01,7.3,
DEU,HUR,TOT,PC_LF,M,1993-02,7.4,
DEU,HUR,TOT,PC_LF,M,1993-03,7.5,
DEU,HUR,TOT,PC_LF,M,1993-04,7.5,
DEU,HUR,TOT,PC_LF,M,1993-05,7.6,
DEU,HUR,TOT,PC_LF,M,1993-06,7.7,
DEU,HUR,TOT,PC_LF,M,1993-07,7.8,
DEU,HUR,TOT,PC_LF,M,1993-08,7.9,
DEU,HUR,TOT,PC_LF,M,1993-09,8,
DEU,HUR,TOT,PC_LF,M,1993-10,8.1,
DEU,HUR,TOT,PC_LF,M,1993-11,8.2,
DEU,HUR,TOT,PC_LF,M,1993-12,8.3,
DEU,HUR,TOT,PC_LF,M,1994-01,8.4,
DEU,HUR,TOT,PC_LF,M,1994-02,8.5,
DEU,HUR,TOT,PC_LF,M,1994-03,8.5,
DEU,HUR,TOT,PC_LF,M,1994-04,8.6,
DEU,HUR,TOT,PC_LF,M,1994-05,8.5,
DEU,HUR,TOT,PC_LF,M,1994-06,8.5,
DEU,HUR,TOT,PC_LF,M,1994-07,8.5,
DEU,HUR,TOT,PC_LF,M,1994-08,8.4,
DEU,HUR,TOT,PC_LF,M,1994-09,8.4,
DEU,HUR,TOT,PC_LF,M,1994-10,8.3,
DEU,HUR,TOT,PC_LF,M,1994-11,8.3,
DEU,HUR,TOT,PC_LF,M,1994-12,8.2,
DEU,HUR,TOT,PC_LF,M,1995-01,8.2,
DEU,HUR,TOT,PC_LF,M,1995-02,8.1,
DEU,HUR,TOT,PC_LF,M,1995-03,8.1,
DEU,HUR,TOT,PC_LF,M,1995-04,8.1,
DEU,HUR,TOT,PC_LF,M,1995-05,8.1,
DEU,HUR,TOT,PC_LF,M,1995-06,8.1,
DEU,HUR,TOT,PC_LF,M,1995-07,8.2,
DEU,HUR,TOT,PC_LF,M,1995-08,8.3,
DEU,HUR,TOT,PC_LF,M,1995-09,8.3,
DEU,HUR,TOT,PC_LF,M,1995-10,8.4,
DEU,HUR,TOT,PC_LF,M,1995-11,8.4,
DEU,HUR,TOT,PC_LF,M,1995-12,8.5,
DEU,HUR,TOT,PC_LF,M,1996-01,8.5,
DEU,HUR,TOT,PC_LF,M,1996-02,8.6,
DEU,HUR,TOT,PC_LF,M,1996-03,8.6,
DEU,HUR,TOT,PC_LF,M,1996-04,8.7,
DEU,HUR,TOT,PC_LF,M,1996-05,8.8,
DEU,HUR,TOT,PC_LF,M,1996-06,8.8,
DEU,HUR,TOT,PC_LF,M,1996-07,8.9,
DEU,HUR,TOT,PC_LF,M,1996-08,9,
DEU,HUR,TOT,PC_LF,M,1996-09,9.1,
DEU,HUR,TOT,PC_LF,M,1996-10,9.2,
DEU,HUR,TOT,PC_LF,M,1996-11,9.3,
DEU,HUR,TOT,PC_LF,M,1996-12,9.4,
DEU,HUR,TOT,PC_LF,M,1997-01,9.5,
DEU,HUR,TOT,PC_LF,M,1997-02,9.5,
DEU,HUR,TOT,PC_LF,M,1997-03,9.6,
DEU,HUR,TOT,PC_LF,M,1997-04,9.7,
DEU,HUR,TOT,PC_LF,M,1997-05,9.7,
DEU,HUR,TOT,PC_LF,M,1997-06,9.7,
DEU,HUR,TOT,PC_LF,M,1997-07,9.7,
DEU,HUR,TOT,PC_LF,M,1997-08,9.7,
DEU,HUR,TOT,PC_LF,M,1997-09,9.7,
DEU,HUR,TOT,PC_LF,M,1997-10,9.7,
DEU,HUR,TOT,PC_LF,M,1997-11,9.7,
DEU,HUR,TOT,PC_LF,M,1997-12,9.7,
DEU,HUR,TOT,PC_LF,M,1998-01,9.7,
DEU,HUR,TOT,PC_LF,M,1998-02,9.7,
DEU,HUR,TOT,PC_LF,M,1998-03,9.6,
DEU,HUR,TOT,PC_LF,M,1998-04,9.6,
DEU,HUR,TOT,PC_LF,M,1998-05,9.5,
DEU,HUR,TOT,PC_LF,M,1998-06,9.4,
DEU,HUR,TOT,PC_LF,M,1998-07,9.4,
DEU,HUR,TOT,PC_LF,M,1998-08,9.3,
DEU,HUR,TOT,PC_LF,M,1998-09,9.2,
DEU,HUR,TOT,PC_LF,M,1998-10,9.1,
DEU,HUR,TOT,PC_LF,M,1998-11,9.1,
DEU,HUR,TOT,PC_LF,M,1998-12,9,
DEU,HUR,TOT,PC_LF,M,1999-01,8.9,
DEU,HUR,TOT,PC_LF,M,1999-02,8.8,
DEU,HUR,TOT,PC_LF,M,1999-03,8.8,
DEU,HUR,TOT,PC_LF,M,1999-04,8.7,
DEU,HUR,TOT,PC_LF,M,1999-05,8.6,
DEU,HUR,TOT,PC_LF,M,1999-06,8.6,
DEU,HUR,TOT,PC_LF,M,1999-07,8.5,
DEU,HUR,TOT,PC_LF,M,1999-08,8.5,
DEU,HUR,TOT,PC_LF,M,1999-09,8.4,
DEU,HUR,TOT,PC_LF,M,1999-10,8.4,
DEU,HUR,TOT,PC_LF,M,1999-11,8.3,
DEU,HUR,TOT,PC_LF,M,1999-12,8.2,
DEU,HUR,TOT,PC_LF,M,2000-01,8.2,
DEU,HUR,TOT,PC_LF,M,2000-02,8.1,
DEU,HUR,TOT,PC_LF,M,2000-03,8.1,
DEU,HUR,TOT,PC_LF,M,2000-04,8,
DEU,HUR,TOT,PC_LF,M,2000-05,8,
DEU,HUR,TOT,PC_LF,M,2000-06,8,
DEU,HUR,TOT,PC_LF,M,2000-07,7.9,
DEU,HUR,TOT,PC_LF,M,2000-08,7.9,
DEU,HUR,TOT,PC_LF,M,2000-09,7.9,
DEU,HUR,TOT,PC_LF,M,2000-10,7.8,
DEU,HUR,TOT,PC_LF,M,2000-11,7.8,
DEU,HUR,TOT,PC_LF,M,2000-12,7.7,
DEU,HUR,TOT,PC_LF,M,2001-01,7.7,
DEU,HUR,TOT,PC_LF,M,2001-02,7.7,
DEU,HUR,TOT,PC_LF,M,2001-03,7.6,
DEU,HUR,TOT,PC_LF,M,2001-04,7.6,
DEU,HUR,TOT,PC_LF,M,2001-05,7.7,
DEU,HUR,TOT,PC_LF,M,2001-06,7.7,
DEU,HUR,TOT,PC_LF,M,2001-07,7.8,
DEU,HUR,TOT,PC_LF,M,2001-08,7.8,
DEU,HUR,TOT,PC_LF,M,2001-09,7.9,
DEU,HUR,TOT,PC_LF,M,2001-10,8,
DEU,HUR,TOT,PC_LF,M,2001-11,8,
DEU,HUR,TOT,PC_LF,M,2001-12,8.1,
DEU,HUR,TOT,PC_LF,M,2002-01,8.1,
DEU,HUR,TOT,PC_LF,M,2002-02,8.2,
DEU,HUR,TOT,PC_LF,M,2002-03,8.2,
DEU,HUR,TOT,PC_LF,M,2002-04,8.3,
DEU,HUR,TOT,PC_LF,M,2002-05,8.4,
DEU,HUR,TOT,PC_LF,M,2002-06,8.5,
DEU,HUR,TOT,PC_LF,M,2002-07,8.6,
DEU,HUR,TOT,PC_LF,M,2002-08,8.7,
DEU,HUR,TOT,PC_LF,M,2002-09,8.9,
DEU,HUR,TOT,PC_LF,M,2002-10,9,
DEU,HUR,TOT,PC_LF,M,2002-11,9.1,
DEU,HUR,TOT,PC_LF,M,2002-12,9.2,
DEU,HUR,TOT,PC_LF,M,2003-01,9.4,
DEU,HUR,TOT,PC_LF,M,2003-02,9.5,
DEU,HUR,TOT,PC_LF,M,2003-03,9.6,
DEU,HUR,TOT,PC_LF,M,2003-04,9.7,
DEU,HUR,TOT,PC_LF,M,2003-05,9.7,
DEU,HUR,TOT,PC_LF,M,2003-06,9.8,
DEU,HUR,TOT,PC_LF,M,2003-07,9.8,
DEU,HUR,TOT,PC_LF,M,2003-08,9.8,
DEU,HUR,TOT,PC_LF,M,2003-09,9.8,
DEU,HUR,TOT,PC_LF,M,2003-10,9.8,
DEU,HUR,TOT,PC_LF,M,2003-11,9.8,
DEU,HUR,TOT,PC_LF,M,2003-12,9.8,
DEU,HUR,TOT,PC_LF,M,2004-01,9.8,
DEU,HUR,TOT,PC_LF,M,2004-02,10.1,
DEU,HUR,TOT,PC_LF,M,2004-03,10.3,
DEU,HUR,TOT,PC_LF,M,2004-04,10.3,
DEU,HUR,TOT,PC_LF,M,2004-05,10.3,
DEU,HUR,TOT,PC_LF,M,2004-06,10.3,
DEU,HUR,TOT,PC_LF,M,2004-07,10.3,
DEU,HUR,TOT,PC_LF,M,2004-08,10.4,
DEU,HUR,TOT,PC_LF,M,2004-09,10.4,
DEU,HUR,TOT,PC_LF,M,2004-10,10.5,
DEU,HUR,TOT,PC_LF,M,2004-11,10.6,
DEU,HUR,TOT,PC_LF,M,2004-12,10.7,
DEU,HUR,TOT,PC_LF,M,2005-01,10.7,
DEU,HUR,TOT,PC_LF,M,2005-02,10.9,
DEU,HUR,TOT,PC_LF,M,2005-03,10.9,
DEU,HUR,TOT,PC_LF,M,2005-04,11.2,
DEU,HUR,TOT,PC_LF,M,2005-05,11.2,
DEU,HUR,TOT,PC_LF,M,2005-06,11.2,
DEU,HUR,TOT,PC_LF,M,2005-07,11.2,
DEU,HUR,TOT,PC_LF,M,2005-08,11.2,
DEU,HUR,TOT,PC_LF,M,2005-09,11.1,
DEU,HUR,TOT,PC_LF,M,2005-10,11,
DEU,HUR,TOT,PC_LF,M,2005-11,10.9,
DEU,HUR,TOT,PC_LF,M,2005-12,10.7,
DEU,HUR,TOT,PC_LF,M,2006-01,10.6,
DEU,HUR,TOT,PC_LF,M,2006-02,10.5,
DEU,HUR,TOT,PC_LF,M,2006-03,10.5,
DEU,HUR,TOT,PC_LF,M,2006-04,10.3,
DEU,HUR,TOT,PC_LF,M,2006-05,10.2,
DEU,HUR,TOT,PC_LF,M,2006-06,10.1,
DEU,HUR,TOT,PC_LF,M,2006-07,10,
DEU,HUR,TOT,PC_LF,M,2006-08,9.9,
DEU,HUR,TOT,PC_LF,M,2006-09,9.8,
DEU,HUR,TOT,PC_LF,M,2006-10,9.7,
DEU,HUR,TOT,PC_LF,M,2006-11,9.6,
DEU,HUR,TOT,PC_LF,M,2006-12,9.4,
DEU,HUR,TOT,PC_LF,M,2007-01,9.2,
DEU,HUR,TOT,PC_LF,M,2007-02,9.1,
DEU,HUR,TOT,PC_LF,M,2007-03,8.9,
DEU,HUR,TOT,PC_LF,M,2007-04,8.8,
DEU,HUR,TOT,PC_LF,M,2007-05,8.6,
DEU,HUR,TOT,PC_LF,M,2007-06,8.6,
DEU,HUR,TOT,PC_LF,M,2007-07,8.5,
DEU,HUR,TOT,PC_LF,M,2007-08,8.4,
DEU,HUR,TOT,PC_LF,M,2007-09,8.4,
DEU,HUR,TOT,PC_LF,M,2007-10,8.3,
DEU,HUR,TOT,PC_LF,M,2007-11,8.2,
DEU,HUR,TOT,PC_LF,M,2007-12,8.1,
DEU,HUR,TOT,PC_LF,M,2008-01,8,
DEU,HUR,TOT,PC_LF,M,2008-02,7.9,
DEU,HUR,TOT,PC_LF,M,2008-03,7.8,
DEU,HUR,TOT,PC_LF,M,2008-04,7.7,
DEU,HUR,TOT,PC_LF,M,2008-05,7.6,
DEU,HUR,TOT,PC_LF,M,2008-06,7.4,
DEU,HUR,TOT,PC_LF,M,2008-07,7.3,
DEU,HUR,TOT,PC_LF,M,2008-08,7.1,
DEU,HUR,TOT,PC_LF,M,2008-09,7,
DEU,HUR,TOT,PC_LF,M,2008-10,7,
DEU,HUR,TOT,PC_LF,M,2008-11,7,
DEU,HUR,TOT,PC_LF,M,2008-12,7,
DEU,HUR,TOT,PC_LF,M,2009-01,7.1,
DEU,HUR,TOT,PC_LF,M,2009-02,7.1,
DEU,HUR,TOT,PC_LF,M,2009-03,7.2,
DEU,HUR,TOT,PC_LF,M,2009-04,7.3,
DEU,HUR,TOT,PC_LF,M,2009-05,7.3,
DEU,HUR,TOT,PC_LF,M,2009-06,7.4,
DEU,HUR,TOT,PC_LF,M,2009-07,7.4,
DEU,HUR,TOT,PC_LF,M,2009-08,7.4,
DEU,HUR,TOT,PC_LF,M,2009-09,7.3,
DEU,HUR,TOT,PC_LF,M,2009-10,7.2,
DEU,HUR,TOT,PC_LF,M,2009-11,7.1,
DEU,HUR,TOT,PC_LF,M,2009-12,7.1,
DEU,HUR,TOT,PC_LF,M,2010-01,7,
DEU,HUR,TOT,PC_LF,M,2010-02,7,
DEU,HUR,TOT,PC_LF,M,2010-03,6.9,
DEU,HUR,TOT,PC_LF,M,2010-04,6.8,
DEU,HUR,TOT,PC_LF,M,2010-05,6.7,
DEU,HUR,TOT,PC_LF,M,2010-06,6.5,
DEU,HUR,TOT,PC_LF,M,2010-07,6.4,
DEU,HUR,TOT,PC_LF,M,2010-08,6.4,
DEU,HUR,TOT,PC_LF,M,2010-09,6.3,
DEU,HUR,TOT,PC_LF,M,2010-10,6.3,
DEU,HUR,TOT,PC_LF,M,2010-11,6.2,
DEU,HUR,TOT,PC_LF,M,2010-12,6.1,
DEU,HUR,TOT,PC_LF,M,2011-01,6,
DEU,HUR,TOT,PC_LF,M,2011-02,5.9,
DEU,HUR,TOT,PC_LF,M,2011-03,5.7,
DEU,HUR,TOT,PC_LF,M,2011-04,5.6,
DEU,HUR,TOT,PC_LF,M,2011-05,5.6,
DEU,HUR,TOT,PC_LF,M,2011-06,5.5,
DEU,HUR,TOT,PC_LF,M,2011-07,5.5,
DEU,HUR,TOT,PC_LF,M,2011-08,5.4,
DEU,HUR,TOT,PC_LF,M,2011-09,5.4,
DEU,HUR,TOT,PC_LF,M,2011-10,5.3,
DEU,HUR,TOT,PC_LF,M,2011-11,5.2,
DEU,HUR,TOT,PC_LF,M,2011-12,5.2,
DEU,HUR,TOT,PC_LF,M,2012-01,5.1,
DEU,HUR,TOT,PC_LF,M,2012-02,5.1,
DEU,HUR,TOT,PC_LF,M,2012-03,5.1,
DEU,HUR,TOT,PC_LF,M,2012-04,5.1,
DEU,HUR,TOT,PC_LF,M,2012-05,5.1,
DEU,HUR,TOT,PC_LF,M,2012-06,5.1,
DEU,HUR,TOT,PC_LF,M,2012-07,5.1,
DEU,HUR,TOT,PC_LF,M,2012-08,5,
DEU,HUR,TOT,PC_LF,M,2012-09,5,
DEU,HUR,TOT,PC_LF,M,2012-10,5,
DEU,HUR,TOT,PC_LF,M,2012-11,5,
DEU,HUR,TOT,PC_LF,M,2012-12,5,
DEU,HUR,TOT,PC_LF,M,2013-01,5.1,
DEU,HUR,TOT,PC_LF,M,2013-02,5.1,
DEU,HUR,TOT,PC_LF,M,2013-03,5,
DEU,HUR,TOT,PC_LF,M,2013-04,5,
DEU,HUR,TOT,PC_LF,M,2013-05,5,
DEU,HUR,TOT,PC_LF,M,2013-06,4.9,
DEU,HUR,TOT,PC_LF,M,2013-07,4.9,
DEU,HUR,TOT,PC_LF,M,2013-08,4.9,
DEU,HUR,TOT,PC_LF,M,2013-09,4.9,
DEU,HUR,TOT,PC_LF,M,2013-10,4.8,
DEU,HUR,TOT,PC_LF,M,2013-11,4.8,
DEU,HUR,TOT,PC_LF,M,2013-12,4.9,
DEU,HUR,TOT,PC_LF,M,2014-01,4.8,
DEU,HUR,TOT,PC_LF,M,2014-02,4.8,
DEU,HUR,TOT,PC_LF,M,2014-03,4.8,
DEU,HUR,TOT,PC_LF,M,2014-04,4.8,
DEU,HUR,TOT,PC_LF,M,2014-05,4.7,
DEU,HUR,TOT,PC_LF,M,2014-06,4.7,
DEU,HUR,TOT,PC_LF,M,2014-07,4.7,
DEU,HUR,TOT,PC_LF,M,2014-08,4.7,
DEU,HUR,TOT,PC_LF,M,2014-09,4.7,
DEU,HUR,TOT,PC_LF,M,2014-10,4.7,
DEU,HUR,TOT,PC_LF,M,2014-11,4.6,
DEU,HUR,TOT,PC_LF,M,2014-12,4.6,
DEU,HUR,TOT,PC_LF,M,2015-01,4.5,
DEU,HUR,TOT,PC_LF,M,2015-02,4.5,
DEU,HUR,TOT,PC_LF,M,2015-03,4.5,
DEU,HUR,TOT,PC_LF,M,2015-04,4.4,
DEU,HUR,TOT,PC_LF,M,2015-05,4.4,
DEU,HUR,TOT,PC_LF,M,2015-06,4.4,
DEU,HUR,TOT,PC_LF,M,2015-07,4.3,
DEU,HUR,TOT,PC_LF,M,2015-08,4.3,
DEU,HUR,TOT,PC_LF,M,2015-09,4.3,
DEU,HUR,TOT,PC_LF,M,2015-10,4.3,
DEU,HUR,TOT,PC_LF,M,2015-11,4.2,
DEU,HUR,TOT,PC_LF,M,2015-12,4.2,
DEU,HUR,TOT,PC_LF,M,2016-01,4.2,
DEU,HUR,TOT,PC_LF,M,2016-02,4.1,
DEU,HUR,TOT,PC_LF,M,2016-03,4.1,
DEU,HUR,TOT,PC_LF,M,2016-04,4,
DEU,HUR,TOT,PC_LF,M,2016-05,4,
DEU,HUR,TOT,PC_LF,M,2016-06,4,
DEU,HUR,TOT,PC_LF,M,2016-07,3.9,
DEU,HUR,TOT,PC_LF,M,2016-08,3.9,
DEU,HUR,TOT,PC_LF,M,2016-09,3.8,
DEU,HUR,TOT,PC_LF,M,2016-10,3.8,
DEU,HUR,TOT,PC_LF,M,2016-11,3.7,
DEU,HUR,TOT,PC_LF,M,2016-12,3.7,
DEU,HUR,TOT,PC_LF,M,2017-01,3.7,
DEU,HUR,TOT,PC_LF,M,2017-02,3.7,
DEU,HUR,TOT,PC_LF,M,2017-03,3.7,
DEU,HUR,TOT,PC_LF,M,2017-04,3.6,
DEU,HUR,TOT,PC_LF,M,2017-05,3.6,
DEU,HUR,TOT,PC_LF,M,2017-06,3.6,
DEU,HUR,TOT,PC_LF,M,2017-07,3.5,
DEU,HUR,TOT,PC_LF,M,2017-08,3.5,
DEU,HUR,TOT,PC_LF,M,2017-09,3.5,
DEU,HUR,TOT,PC_LF,M,2017-10,3.5,
DEU,HUR,TOT,PC_LF,M,2017-11,3.4,
DEU,HUR,TOT,PC_LF,M,2017-12,3.4,
DEU,HUR,TOT,PC_LF,M,2018-01,3.3,
DEU,HUR,TOT,PC_LF,M,2018-02,3.3,
DEU,HUR,TOT,PC_LF,M,2018-03,3.3,
DEU,HUR,TOT,PC_LF,M,2018-04,3.3,
DEU,HUR,TOT,PC_LF,M,2018-05,3.2,
DEU,HUR,TOT,PC_LF,M,2018-06,3.2,
DEU,HUR,TOT,PC_LF,M,2018-07,3.2,
DEU,HUR,TOT,PC_LF,M,2018-08,3.2,
DEU,HUR,TOT,PC_LF,M,2018-09,3.2,
DEU,HUR,TOT,PC_LF,M,2018-10,3.1,
DEU,HUR,TOT,PC_LF,M,2018-11,3.1,
DEU,HUR,TOT,PC_LF,M,2018-12,3.1,
DEU,HUR,TOT,PC_LF,M,2019-01,3.1,
DEU,HUR,TOT,PC_LF,M,2019-02,3,
DEU,HUR,TOT,PC_LF,M,2019-03,3,
DEU,HUR,TOT,PC_LF,M,2019-04,3,
DEU,HUR,TOT,PC_LF,M,2019-05,2.9,
DEU,HUR,TOT,PC_LF,M,2019-06,2.9,
DEU,HUR,TOT,PC_LF,M,2019-07,2.9,
DEU,HUR,TOT,PC_LF,M,2019-08,2.9,
DEU,HUR,TOT,PC_LF,M,2019-09,2.9,
DEU,HUR,TOT,PC_LF,M,2019-10,3,
DEU,HUR,TOT,PC_LF,M,2019-11,3.1,
DEU,HUR,TOT,PC_LF,M,2019-12,3.2,
DEU,HUR,TOT,PC_LF,M,2020-01,3.2,
DEU,HUR,TOT,PC_LF,M,2020-02,3.3,
DEU,HUR,TOT,PC_LF,M,2020-03,3.4,
DEU,HUR,TOT,PC_LF,M,2020-04,3.5,
DEU,HUR,TOT,PC_LF,M,2020-05,3.7,
DEU,HUR,TOT,PC_LF,M,2020-06,3.8,
DEU,HUR,TOT,PC_LF,M,2020-07,3.8,
DEU,HUR,TOT,PC_LF,M,2020-08,3.9,
DEU,HUR,TOT,PC_LF,M,2020-09,3.9,
DEU,HUR,TOT,PC_LF,M,2020-10,3.9,
DEU,HUR,TOT,PC_LF,M,2020-11,3.9,
DEU,HUR,TOT,PC_LF,M,2020-12,3.9,
DEU,HUR,TOT,PC_LF,M,2021-01,3.9,
DEU,HUR,TOT,PC_LF,M,2021-02,3.9,
DEU,HUR,TOT,PC_LF,M,2021-03,3.9,
DEU,HUR,TOT,PC_LF,M,2021-04,3.8,
DEU,HUR,TOT,PC_LF,M,2021-05,3.7,
DEU,HUR,TOT,PC_LF,M,2021-06,3.6,
DEU,HUR,TOT,PC_LF,M,2021-07,3.5,
DEU,HUR,TOT,PC_LF,M,2021-08,3.4,
DEU,HUR,TOT,PC_LF,M,2021-09,3.4,
DEU,HUR,TOT,PC_LF,M,2021-10,3.3,
DEU,HUR,TOT,PC_LF,M,2021-11,3.3,
DEU,HUR,TOT,PC_LF,M,2021-12,3.2,
DEU,HUR,TOT,PC_LF,M,2022-01,3.1,
DEU,HUR,TOT,PC_LF,M,2022-02,3.1,
DEU,HUR,TOT,PC_LF,M,2022-03,3,
DEU,HUR,TOT,PC_LF,M,2022-04,3,
DEU,HUR,TOT,PC_LF,M,2022-05,3,
DEU,HUR,TOT,PC_LF,M,2022-06,3,
DEU,HUR,TOT,PC_LF,M,2022-07,3.1,
DEU,HUR,TOT,PC_LF,M,2022-08,3.1,
DEU,HUR,TOT,PC_LF,M,2022-09,3.1,
DEU,HUR,TOT,PC_LF,M,2022-10,3.1,
DEU,HUR,TOT,PC_LF,M,2022-11,3,
DEU,HUR,TOT,PC_LF,M,2022-12,3,
DEU,HUR,TOT,PC_LF,M,2023-01,2.9,
DEU,HUR,TOT,PC_LF,M,2023-02,2.9,
ITA,HUR,TOT,PC_LF,M,1991-05,8.5,P
ITA,HUR,TOT,PC_LF,M,1991-06,8.4,P
ITA,HUR,TOT,PC_LF,M,1991-07,8.4,P
ITA,HUR,TOT,PC_LF,M,1991-08,8.4,P
ITA,HUR,TOT,PC_LF,M,1991-09,8.5,P
ITA,HUR,TOT,PC_LF,M,1991-10,8.5,P
ITA,HUR,TOT,PC_LF,M,1991-11,8.7,P
ITA,HUR,TOT,PC_LF,M,1991-12,8.6,P
ITA,HUR,TOT,PC_LF,M,1992-01,8.6,
ITA,HUR,TOT,PC_LF,M,1992-02,8.7,
ITA,HUR,TOT,PC_LF,M,1992-03,8.7,
ITA,HUR,TOT,PC_LF,M,1992-04,8.7,
ITA,HUR,TOT,PC_LF,M,1992-05,8.6,
ITA,HUR,TOT,PC_LF,M,1992-06,8.7,
ITA,HUR,TOT,PC_LF,M,1992-07,8.9,
ITA,HUR,TOT,PC_LF,M,1992-08,9,
ITA,HUR,TOT,PC_LF,M,1992-09,9.1,
ITA,HUR,TOT,PC_LF,M,1992-10,8.9,
ITA,HUR,TOT,PC_LF,M,1992-11,8.9,
ITA,HUR,TOT,PC_LF,M,1992-12,8.9,
ITA,HUR,TOT,PC_LF,M,1993-01,9,
ITA,HUR,TOT,PC_LF,M,1993-02,9.1,
ITA,HUR,TOT,PC_LF,M,1993-03,9.3,
ITA,HUR,TOT,PC_LF,M,1993-04,9.7,
ITA,HUR,TOT,PC_LF,M,1993-05,9.8,
ITA,HUR,TOT,PC_LF,M,1993-06,9.9,
ITA,HUR,TOT,PC_LF,M,1993-07,9.9,
ITA,HUR,TOT,PC_LF,M,1993-08,10,
ITA,HUR,TOT,PC_LF,M,1993-09,10,
ITA,HUR,TOT,PC_LF,M,1993-10,10.4,
ITA,HUR,TOT,PC_LF,M,1993-11,10.4,
ITA,HUR,TOT,PC_LF,M,1993-12,10.5,
ITA,HUR,TOT,PC_LF,M,1994-01,10.4,
ITA,HUR,TOT,PC_LF,M,1994-02,10.4,
ITA,HUR,TOT,PC_LF,M,1994-03,10.5,
ITA,HUR,TOT,PC_LF,M,1994-04,10.5,
ITA,HUR,TOT,PC_LF,M,1994-05,10.6,
ITA,HUR,TOT,PC_LF,M,1994-06,10.6,
ITA,HUR,TOT,PC_LF,M,1994-07,10.4,
ITA,HUR,TOT,PC_LF,M,1994-08,10.4,
ITA,HUR,TOT,PC_LF,M,1994-09,10.4,
ITA,HUR,TOT,PC_LF,M,1994-10,11.1,
ITA,HUR,TOT,PC_LF,M,1994-11,11.1,
ITA,HUR,TOT,PC_LF,M,1994-12,11.2,
ITA,HUR,TOT,PC_LF,M,1995-01,11.2,
ITA,HUR,TOT,PC_LF,M,1995-02,11.2,
ITA,HUR,TOT,PC_LF,M,1995-03,11.3,
ITA,HUR,TOT,PC_LF,M,1995-04,11.1,
ITA,HUR,TOT,PC_LF,M,1995-05,11.1,
ITA,HUR,TOT,PC_LF,M,1995-06,11.1,
ITA,HUR,TOT,PC_LF,M,1995-07,11.1,
ITA,HUR,TOT,PC_LF,M,1995-08,11.2,
ITA,HUR,TOT,PC_LF,M,1995-09,11.2,
ITA,HUR,TOT,PC_LF,M,1995-10,11.1,
ITA,HUR,TOT,PC_LF,M,1995-11,11.1,
ITA,HUR,TOT,PC_LF,M,1995-12,11.1,
ITA,HUR,TOT,PC_LF,M,1996-01,11,
ITA,HUR,TOT,PC_LF,M,1996-02,11,
ITA,HUR,TOT,PC_LF,M,1996-03,11,
ITA,HUR,TOT,PC_LF,M,1996-04,11.3,
ITA,HUR,TOT,PC_LF,M,1996-05,11.3,
ITA,HUR,TOT,PC_LF,M,1996-06,11.3,
ITA,HUR,TOT,PC_LF,M,1996-07,11.1,
ITA,HUR,TOT,PC_LF,M,1996-08,11.1,
ITA,HUR,TOT,PC_LF,M,1996-09,11.1,
ITA,HUR,TOT,PC_LF,M,1996-10,11.2,
ITA,HUR,TOT,PC_LF,M,1996-11,11.2,
ITA,HUR,TOT,PC_LF,M,1996-12,11.2,
ITA,HUR,TOT,PC_LF,M,1997-01,11.2,
ITA,HUR,TOT,PC_LF,M,1997-02,11.3,
ITA,HUR,TOT,PC_LF,M,1997-03,11.3,
ITA,HUR,TOT,PC_LF,M,1997-04,11.4,
ITA,HUR,TOT,PC_LF,M,1997-05,11.4,
ITA,HUR,TOT,PC_LF,M,1997-06,11.4,
ITA,HUR,TOT,PC_LF,M,1997-07,11,
ITA,HUR,TOT,PC_LF,M,1997-08,11,
ITA,HUR,TOT,PC_LF,M,1997-09,11,
ITA,HUR,TOT,PC_LF,M,1997-10,11.3,
ITA,HUR,TOT,PC_LF,M,1997-11,11.3,
ITA,HUR,TOT,PC_LF,M,1997-12,11.3,
ITA,HUR,TOT,PC_LF,M,1998-01,11.1,
ITA,HUR,TOT,PC_LF,M,1998-02,11.1,
ITA,HUR,TOT,PC_LF,M,1998-03,11.1,
ITA,HUR,TOT,PC_LF,M,1998-04,11.5,
ITA,HUR,TOT,PC_LF,M,1998-05,11.5,
ITA,HUR,TOT,PC_LF,M,1998-06,11.5,
ITA,HUR,TOT,PC_LF,M,1998-07,11.3,
ITA,HUR,TOT,PC_LF,M,1998-08,11.3,
ITA,HUR,TOT,PC_LF,M,1998-09,11.3,
ITA,HUR,TOT,PC_LF,M,1998-10,11.5,
ITA,HUR,TOT,PC_LF,M,1998-11,11.4,
ITA,HUR,TOT,PC_LF,M,1998-12,11.4,
ITA,HUR,TOT,PC_LF,M,1999-01,11.1,
ITA,HUR,TOT,PC_LF,M,1999-02,11.1,
ITA,HUR,TOT,PC_LF,M,1999-03,11.1,
ITA,HUR,TOT,PC_LF,M,1999-04,11.1,
ITA,HUR,TOT,PC_LF,M,1999-05,11.1,
ITA,HUR,TOT,PC_LF,M,1999-06,11,
ITA,HUR,TOT,PC_LF,M,1999-07,11,
ITA,HUR,TOT,PC_LF,M,1999-08,10.9,
ITA,HUR,TOT,PC_LF,M,1999-09,10.9,
ITA,HUR,TOT,PC_LF,M,1999-10,10.7,
ITA,HUR,TOT,PC_LF,M,1999-11,10.7,
ITA,HUR,TOT,PC_LF,M,1999-12,10.6,
ITA,HUR,TOT,PC_LF,M,2000-01,10.6,
ITA,HUR,TOT,PC_LF,M,2000-02,10.6,
ITA,HUR,TOT,PC_LF,M,2000-03,10.5,
ITA,HUR,TOT,PC_LF,M,2000-04,10.3,
ITA,HUR,TOT,PC_LF,M,2000-05,10.3,
ITA,HUR,TOT,PC_LF,M,2000-06,10.2,
ITA,HUR,TOT,PC_LF,M,2000-07,10,
ITA,HUR,TOT,PC_LF,M,2000-08,10,
ITA,HUR,TOT,PC_LF,M,2000-09,9.9,
ITA,HUR,TOT,PC_LF,M,2000-10,9.6,
ITA,HUR,TOT,PC_LF,M,2000-11,9.6,
ITA,HUR,TOT,PC_LF,M,2000-12,9.6,
ITA,HUR,TOT,PC_LF,M,2001-01,9.4,
ITA,HUR,TOT,PC_LF,M,2001-02,9.4,
ITA,HUR,TOT,PC_LF,M,2001-03,9.3,
ITA,HUR,TOT,PC_LF,M,2001-04,9.2,
ITA,HUR,TOT,PC_LF,M,2001-05,9.1,
ITA,HUR,TOT,PC_LF,M,2001-06,9.1,
ITA,HUR,TOT,PC_LF,M,2001-07,9.1,
ITA,HUR,TOT,PC_LF,M,2001-08,9,
ITA,HUR,TOT,PC_LF,M,2001-09,9,
ITA,HUR,TOT,PC_LF,M,2001-10,8.9,
ITA,HUR,TOT,PC_LF,M,2001-11,8.9,
ITA,HUR,TOT,PC_LF,M,2001-12,8.8,
ITA,HUR,TOT,PC_LF,M,2002-01,8.6,
ITA,HUR,TOT,PC_LF,M,2002-02,8.5,
ITA,HUR,TOT,PC_LF,M,2002-03,8.5,
ITA,HUR,TOT,PC_LF,M,2002-04,8.9,
ITA,HUR,TOT,PC_LF,M,2002-05,8.8,
ITA,HUR,TOT,PC_LF,M,2002-06,8.8,
ITA,HUR,TOT,PC_LF,M,2002-07,8.6,
ITA,HUR,TOT,PC_LF,M,2002-08,8.6,
ITA,HUR,TOT,PC_LF,M,2002-09,8.6,
ITA,HUR,TOT,PC_LF,M,2002-10,8.5,
ITA,HUR,TOT,PC_LF,M,2002-11,8.5,
ITA,HUR,TOT,PC_LF,M,2002-12,8.4,
ITA,HUR,TOT,PC_LF,M,2003-01,8.8,
ITA,HUR,TOT,PC_LF,M,2003-02,8.7,
ITA,HUR,TOT,PC_LF,M,2003-03,8.7,
ITA,HUR,TOT,PC_LF,M,2003-04,8.4,
ITA,HUR,TOT,PC_LF,M,2003-05,8.5,
ITA,HUR,TOT,PC_LF,M,2003-06,8.5,
ITA,HUR,TOT,PC_LF,M,2003-07,8.4,
ITA,HUR,TOT,PC_LF,M,2003-08,8.4,
ITA,HUR,TOT,PC_LF,M,2003-09,8.4,
ITA,HUR,TOT,PC_LF,M,2003-10,8.2,
ITA,HUR,TOT,PC_LF,M,2003-11,8.2,
ITA,HUR,TOT,PC_LF,M,2003-12,8.2,B
ITA,HUR,TOT,PC_LF,M,2004-01,8.4,
ITA,HUR,TOT,PC_LF,M,2004-02,8.1,
ITA,HUR,TOT,PC_LF,M,2004-03,8.3,
ITA,HUR,TOT,PC_LF,M,2004-04,8.1,
ITA,HUR,TOT,PC_LF,M,2004-05,8.1,
ITA,HUR,TOT,PC_LF,M,2004-06,7.9,
ITA,HUR,TOT,PC_LF,M,2004-07,7.9,
ITA,HUR,TOT,PC_LF,M,2004-08,7.7,
ITA,HUR,TOT,PC_LF,M,2004-09,8,
ITA,HUR,TOT,PC_LF,M,2004-10,8,
ITA,HUR,TOT,PC_LF,M,2004-11,8.1,
ITA,HUR,TOT,PC_LF,M,2004-12,7.8,
ITA,HUR,TOT,PC_LF,M,2005-01,7.8,
ITA,HUR,TOT,PC_LF,M,2005-02,8,
ITA,HUR,TOT,PC_LF,M,2005-03,7.9,
ITA,HUR,TOT,PC_LF,M,2005-04,7.9,
ITA,HUR,TOT,PC_LF,M,2005-05,7.7,
ITA,HUR,TOT,PC_LF,M,2005-06,7.9,
ITA,HUR,TOT,PC_LF,M,2005-07,7.6,
ITA,HUR,TOT,PC_LF,M,2005-08,7.5,
ITA,HUR,TOT,PC_LF,M,2005-09,7.8,
ITA,HUR,TOT,PC_LF,M,2005-10,7.8,
ITA,HUR,TOT,PC_LF,M,2005-11,7.6,
ITA,HUR,TOT,PC_LF,M,2005-12,7.6,
ITA,HUR,TOT,PC_LF,M,2006-01,7.4,
ITA,HUR,TOT,PC_LF,M,2006-02,7.4,
ITA,HUR,TOT,PC_LF,M,2006-03,7.2,
ITA,HUR,TOT,PC_LF,M,2006-04,7.1,
ITA,HUR,TOT,PC_LF,M,2006-05,7.1,
ITA,HUR,TOT,PC_LF,M,2006-06,6.7,
ITA,HUR,TOT,PC_LF,M,2006-07,6.6,
ITA,HUR,TOT,PC_LF,M,2006-08,6.7,
ITA,HUR,TOT,PC_LF,M,2006-09,6.7,
ITA,HUR,TOT,PC_LF,M,2006-10,6.7,
ITA,HUR,TOT,PC_LF,M,2006-11,6.6,
ITA,HUR,TOT,PC_LF,M,2006-12,6.2,
ITA,HUR,TOT,PC_LF,M,2007-01,6.3,
ITA,HUR,TOT,PC_LF,M,2007-02,6.1,
ITA,HUR,TOT,PC_LF,M,2007-03,6.1,
ITA,HUR,TOT,PC_LF,M,2007-04,5.9,
ITA,HUR,TOT,PC_LF,M,2007-05,6.2,
ITA,HUR,TOT,PC_LF,M,2007-06,6,
ITA,HUR,TOT,PC_LF,M,2007-07,6.3,
ITA,HUR,TOT,PC_LF,M,2007-08,6.1,
ITA,HUR,TOT,PC_LF,M,2007-09,6.2,
ITA,HUR,TOT,PC_LF,M,2007-10,6.3,
ITA,HUR,TOT,PC_LF,M,2007-11,6.3,
ITA,HUR,TOT,PC_LF,M,2007-12,6.6,
ITA,HUR,TOT,PC_LF,M,2008-01,6.7,
ITA,HUR,TOT,PC_LF,M,2008-02,6.7,
ITA,HUR,TOT,PC_LF,M,2008-03,6.4,
ITA,HUR,TOT,PC_LF,M,2008-04,6.9,
ITA,HUR,TOT,PC_LF,M,2008-05,6.8,
ITA,HUR,TOT,PC_LF,M,2008-06,6.8,
ITA,HUR,TOT,PC_LF,M,2008-07,6.6,
ITA,HUR,TOT,PC_LF,M,2008-08,6.8,
ITA,HUR,TOT,PC_LF,M,2008-09,6.8,
ITA,HUR,TOT,PC_LF,M,2008-10,7,
ITA,HUR,TOT,PC_LF,M,2008-11,7.1,
ITA,HUR,TOT,PC_LF,M,2008-12,6.9,
ITA,HUR,TOT,PC_LF,M,2009-01,7.3,
ITA,HUR,TOT,PC_LF,M,2009-02,7.4,
ITA,HUR,TOT,PC_LF,M,2009-03,7.7,
ITA,HUR,TOT,PC_LF,M,2009-04,7.4,
ITA,HUR,TOT,PC_LF,M,2009-05,7.5,
ITA,HUR,TOT,PC_LF,M,2009-06,7.8,
ITA,HUR,TOT,PC_LF,M,2009-07,7.9,
ITA,HUR,TOT,PC_LF,M,2009-08,7.9,
ITA,HUR,TOT,PC_LF,M,2009-09,8.3,
ITA,HUR,TOT,PC_LF,M,2009-10,8.3,
ITA,HUR,TOT,PC_LF,M,2009-11,8.4,
ITA,HUR,TOT,PC_LF,M,2009-12,8.5,
ITA,HUR,TOT,PC_LF,M,2010-01,8.6,
ITA,HUR,TOT,PC_LF,M,2010-02,8.7,
ITA,HUR,TOT,PC_LF,M,2010-03,8.5,
ITA,HUR,TOT,PC_LF,M,2010-04,8.7,
ITA,HUR,TOT,PC_LF,M,2010-05,8.7,
ITA,HUR,TOT,PC_LF,M,2010-06,8.5,
ITA,HUR,TOT,PC_LF,M,2010-07,8.4,
ITA,HUR,TOT,PC_LF,M,2010-08,8.3,
ITA,HUR,TOT,PC_LF,M,2010-09,8.4,
ITA,HUR,TOT,PC_LF,M,2010-10,8.6,
ITA,HUR,TOT,PC_LF,M,2010-11,8.4,
ITA,HUR,TOT,PC_LF,M,2010-12,8.2,
ITA,HUR,TOT,PC_LF,M,2011-01,8.2,
ITA,HUR,TOT,PC_LF,M,2011-02,8.1,
ITA,HUR,TOT,PC_LF,M,2011-03,8.1,
ITA,HUR,TOT,PC_LF,M,2011-04,8,
ITA,HUR,TOT,PC_LF,M,2011-05,8.3,
ITA,HUR,TOT,PC_LF,M,2011-06,8.3,
ITA,HUR,TOT,PC_LF,M,2011-07,8.4,
ITA,HUR,TOT,PC_LF,M,2011-08,8.6,
ITA,HUR,TOT,PC_LF,M,2011-09,9,
ITA,HUR,TOT,PC_LF,M,2011-10,8.9,
ITA,HUR,TOT,PC_LF,M,2011-11,9.5,
ITA,HUR,TOT,PC_LF,M,2011-12,9.7,
ITA,HUR,TOT,PC_LF,M,2012-01,9.8,
ITA,HUR,TOT,PC_LF,M,2012-02,10.1,
ITA,HUR,TOT,PC_LF,M,2012-03,10.6,
ITA,HUR,TOT,PC_LF,M,2012-04,10.7,
ITA,HUR,TOT,PC_LF,M,2012-05,10.7,
ITA,HUR,TOT,PC_LF,M,2012-06,10.9,
ITA,HUR,TOT,PC_LF,M,2012-07,11,
ITA,HUR,TOT,PC_LF,M,2012-08,10.9,
ITA,HUR,TOT,PC_LF,M,2012-09,11.2,
ITA,HUR,TOT,PC_LF,M,2012-10,11.7,
ITA,HUR,TOT,PC_LF,M,2012-11,11.6,
ITA,HUR,TOT,PC_LF,M,2012-12,11.6,
ITA,HUR,TOT,PC_LF,M,2013-01,12.1,
ITA,HUR,TOT,PC_LF,M,2013-02,12.1,
ITA,HUR,TOT,PC_LF,M,2013-03,12.1,
ITA,HUR,TOT,PC_LF,M,2013-04,12.3,
ITA,HUR,TOT,PC_LF,M,2013-05,12.3,
ITA,HUR,TOT,PC_LF,M,2013-06,12.4,
ITA,HUR,TOT,PC_LF,M,2013-07,12.2,
ITA,HUR,TOT,PC_LF,M,2013-08,12.4,
ITA,HUR,TOT,PC_LF,M,2013-09,12.6,
ITA,HUR,TOT,PC_LF,M,2013-10,12.6,
ITA,HUR,TOT,PC_LF,M,2013-11,12.5,
ITA,HUR,TOT,PC_LF,M,2013-12,12.6,
ITA,HUR,TOT,PC_LF,M,2014-01,13,
ITA,HUR,TOT,PC_LF,M,2014-02,13,
ITA,HUR,TOT,PC_LF,M,2014-03,12.8,
ITA,HUR,TOT,PC_LF,M,2014-04,12.7,
ITA,HUR,TOT,PC_LF,M,2014-05,12.8,
ITA,HUR,TOT,PC_LF,M,2014-06,12.3,
ITA,HUR,TOT,PC_LF,M,2014-07,12.9,
ITA,HUR,TOT,PC_LF,M,2014-08,12.5,
ITA,HUR,TOT,PC_LF,M,2014-09,12.9,
ITA,HUR,TOT,PC_LF,M,2014-10,13,
ITA,HUR,TOT,PC_LF,M,2014-11,13.2,
ITA,HUR,TOT,PC_LF,M,2014-12,12.4,
ITA,HUR,TOT,PC_LF,M,2015-01,12.5,
ITA,HUR,TOT,PC_LF,M,2015-02,12.5,
ITA,HUR,TOT,PC_LF,M,2015-03,12.6,
ITA,HUR,TOT,PC_LF,M,2015-04,12.2,
ITA,HUR,TOT,PC_LF,M,2015-05,12.3,
ITA,HUR,TOT,PC_LF,M,2015-06,12.3,
ITA,HUR,TOT,PC_LF,M,2015-07,11.7,
ITA,HUR,TOT,PC_LF,M,2015-08,11.7,
ITA,HUR,TOT,PC_LF,M,2015-09,11.6,
ITA,HUR,TOT,PC_LF,M,2015-10,11.8,
ITA,HUR,TOT,PC_LF,M,2015-11,11.5,
ITA,HUR,TOT,PC_LF,M,2015-12,11.7,
ITA,HUR,TOT,PC_LF,M,2016-01,11.6,
ITA,HUR,TOT,PC_LF,M,2016-02,11.8,
ITA,HUR,TOT,PC_LF,M,2016-03,11.6,
ITA,HUR,TOT,PC_LF,M,2016-04,11.8,
ITA,HUR,TOT,PC_LF,M,2016-05,11.6,
ITA,HUR,TOT,PC_LF,M,2016-06,11.7,
ITA,HUR,TOT,PC_LF,M,2016-07,11.6,
ITA,HUR,TOT,PC_LF,M,2016-08,11.5,
ITA,HUR,TOT,PC_LF,M,2016-09,11.9,
ITA,HUR,TOT,PC_LF,M,2016-10,11.7,
ITA,HUR,TOT,PC_LF,M,2016-11,12,
ITA,HUR,TOT,PC_LF,M,2016-12,11.8,
ITA,HUR,TOT,PC_LF,M,2017-01,11.7,
ITA,HUR,TOT,PC_LF,M,2017-02,11.6,
ITA,HUR,TOT,PC_LF,M,2017-03,11.6,
ITA,HUR,TOT,PC_LF,M,2017-04,11.2,
ITA,HUR,TOT,PC_LF,M,2017-05,11.4,
ITA,HUR,TOT,PC_LF,M,2017-06,11.2,
ITA,HUR,TOT,PC_LF,M,2017-07,11.4,
ITA,HUR,TOT,PC_LF,M,2017-08,11.3,
ITA,HUR,TOT,PC_LF,M,2017-09,11.2,
ITA,HUR,TOT,PC_LF,M,2017-10,11.1,
ITA,HUR,TOT,PC_LF,M,2017-11,11,
ITA,HUR,TOT,PC_LF,M,2017-12,10.9,
ITA,HUR,TOT,PC_LF,M,2018-01,11.1,
ITA,HUR,TOT,PC_LF,M,2018-02,10.8,
ITA,HUR,TOT,PC_LF,M,2018-03,10.8,
ITA,HUR,TOT,PC_LF,M,2018-04,11,
ITA,HUR,TOT,PC_LF,M,2018-05,10.6,
ITA,HUR,TOT,PC_LF,M,2018-06,10.8,
ITA,HUR,TOT,PC_LF,M,2018-07,10.4,
ITA,HUR,TOT,PC_LF,M,2018-08,10.1,
ITA,HUR,TOT,PC_LF,M,2018-09,10.3,
ITA,HUR,TOT,PC_LF,M,2018-10,10.7,
ITA,HUR,TOT,PC_LF,M,2018-11,10.5,
ITA,HUR,TOT,PC_LF,M,2018-12,10.3,
ITA,HUR,TOT,PC_LF,M,2019-01,10.4,
ITA,HUR,TOT,PC_LF,M,2019-02,10.5,
ITA,HUR,TOT,PC_LF,M,2019-03,10.2,
ITA,HUR,TOT,PC_LF,M,2019-04,10.3,
ITA,HUR,TOT,PC_LF,M,2019-05,10,
ITA,HUR,TOT,PC_LF,M,2019-06,9.6,
ITA,HUR,TOT,PC_LF,M,2019-07,9.6,
ITA,HUR,TOT,PC_LF,M,2019-08,9.4,
ITA,HUR,TOT,PC_LF,M,2019-09,9.8,
ITA,HUR,TOT,PC_LF,M,2019-10,9.5,
ITA,HUR,TOT,PC_LF,M,2019-11,9.8,
ITA,HUR,TOT,PC_LF,M,2019-12,9.7,
ITA,HUR,TOT,PC_LF,M,2020-01,9.7,
ITA,HUR,TOT,PC_LF,M,2020-02,9.5,
ITA,HUR,TOT,PC_LF,M,2020-03,7.7,
ITA,HUR,TOT,PC_LF,M,2020-04,7.5,
ITA,HUR,TOT,PC_LF,M,2020-05,8.7,
ITA,HUR,TOT,PC_LF,M,2020-06,9.5,
ITA,HUR,TOT,PC_LF,M,2020-07,10.1,
ITA,HUR,TOT,PC_LF,M,2020-08,10,
ITA,HUR,TOT,PC_LF,M,2020-09,10,
ITA,HUR,TOT,PC_LF,M,2020-10,10,
ITA,HUR,TOT,PC_LF,M,2020-11,9.6,
ITA,HUR,TOT,PC_LF,M,2020-12,9.8,
ITA,HUR,TOT,PC_LF,M,2021-01,10.2,
ITA,HUR,TOT,PC_LF,M,2021-02,10.2,
ITA,HUR,TOT,PC_LF,M,2021-03,10.1,
ITA,HUR,TOT,PC_LF,M,2021-04,10.2,
ITA,HUR,TOT,PC_LF,M,2021-05,9.9,
ITA,HUR,TOT,PC_LF,M,2021-06,9.4,
ITA,HUR,TOT,PC_LF,M,2021-07,9.1,
ITA,HUR,TOT,PC_LF,M,2021-08,9.1,
ITA,HUR,TOT,PC_LF,M,2021-09,9,
ITA,HUR,TOT,PC_LF,M,2021-10,9.2,
ITA,HUR,TOT,PC_LF,M,2021-11,9,
ITA,HUR,TOT,PC_LF,M,2021-12,8.8,
ITA,HUR,TOT,PC_LF,M,2022-01,8.6,
ITA,HUR,TOT,PC_LF,M,2022-02,8.4,
ITA,HUR,TOT,PC_LF,M,2022-03,8.3,
ITA,HUR,TOT,PC_LF,M,2022-04,8.2,
ITA,HUR,TOT,PC_LF,M,2022-05,8.1,
ITA,HUR,TOT,PC_LF,M,2022-06,8,
ITA,HUR,TOT,PC_LF,M,2022-07,8,
ITA,HUR,TOT,PC_LF,M,2022-08,8.1,
ITA,HUR,TOT,PC_LF,M,2022-09,8,
ITA,HUR,TOT,PC_LF,M,2022-10,7.9,
ITA,HUR,TOT,PC_LF,M,2022-11,7.9,
ITA,HUR,TOT,PC_LF,M,2022-12,7.9,
ITA,HUR,TOT,PC_LF,M,2023-01,8,
ITA,HUR,TOT,PC_LF,M,2023-02,8,
JPN,HUR,TOT,PC_LF,M,1991-05,2.1,
JPN,HUR,TOT,PC_LF,M,1991-06,2.1,
JPN,HUR,TOT,PC_LF,M,1991-07,2.1,
JPN,HUR,TOT,PC_LF,M,1991-08,2.1,
JPN,HUR,TOT,PC_LF,M,1991-09,2.1,
JPN,HUR,TOT,PC_LF,M,1991-10,2,
JPN,HUR,TOT,PC_LF,M,1991-11,2.1,
JPN,HUR,TOT,PC_LF,M,1991-12,2.1,
JPN,HUR,TOT,PC_LF,M,1992-01,2.1,
JPN,HUR,TOT,PC_LF,M,1992-02,2,
JPN,HUR,TOT,PC_LF,M,1992-03,2.1,
JPN,HUR,TOT,PC_LF,M,1992-04,2.1,
JPN,HUR,TOT,PC_LF,M,1992-05,2.1,
JPN,HUR,TOT,PC_LF,M,1992-06,2.1,
JPN,HUR,TOT,PC_LF,M,1992-07,2.1,
JPN,HUR,TOT,PC_LF,M,1992-08,2.2,
JPN,HUR,TOT,PC_LF,M,1992-09,2.2,
JPN,HUR,TOT,PC_LF,M,1992-10,2.2,
JPN,HUR,TOT,PC_LF,M,1992-11,2.3,
JPN,HUR,TOT,PC_LF,M,1992-12,2.3,
JPN,HUR,TOT,PC_LF,M,1993-01,2.3,
JPN,HUR,TOT,PC_LF,M,1993-02,2.3,
JPN,HUR,TOT,PC_LF,M,1993-03,2.3,
JPN,HUR,TOT,PC_LF,M,1993-04,2.3,
JPN,HUR,TOT,PC_LF,M,1993-05,2.5,
JPN,HUR,TOT,PC_LF,M,1993-06,2.5,
JPN,HUR,TOT,PC_LF,M,1993-07,2.5,
JPN,HUR,TOT,PC_LF,M,1993-08,2.5,
JPN,HUR,TOT,PC_LF,M,1993-09,2.6,
JPN,HUR,TOT,PC_LF,M,1993-10,2.7,
JPN,HUR,TOT,PC_LF,M,1993-11,2.7,
JPN,HUR,TOT,PC_LF,M,1993-12,2.8,
JPN,HUR,TOT,PC_LF,M,1994-01,2.8,
JPN,HUR,TOT,PC_LF,M,1994-02,2.9,
JPN,HUR,TOT,PC_LF,M,1994-03,2.9,
JPN,HUR,TOT,PC_LF,M,1994-04,2.8,
JPN,HUR,TOT,PC_LF,M,1994-05,2.8,
JPN,HUR,TOT,PC_LF,M,1994-06,2.8,
JPN,HUR,TOT,PC_LF,M,1994-07,2.9,
JPN,HUR,TOT,PC_LF,M,1994-08,3,
JPN,HUR,TOT,PC_LF,M,1994-09,3,
JPN,HUR,TOT,PC_LF,M,1994-10,3,
JPN,HUR,TOT,PC_LF,M,1994-11,2.9,
JPN,HUR,TOT,PC_LF,M,1994-12,2.9,
JPN,HUR,TOT,PC_LF,M,1995-01,3,
JPN,HUR,TOT,PC_LF,M,1995-02,3,
JPN,HUR,TOT,PC_LF,M,1995-03,3.1,
JPN,HUR,TOT,PC_LF,M,1995-04,3.1,
JPN,HUR,TOT,PC_LF,M,1995-05,3,
JPN,HUR,TOT,PC_LF,M,1995-06,3.1,
JPN,HUR,TOT,PC_LF,M,1995-07,3.1,
JPN,HUR,TOT,PC_LF,M,1995-08,3.2,
JPN,HUR,TOT,PC_LF,M,1995-09,3.2,
JPN,HUR,TOT,PC_LF,M,1995-10,3.2,
JPN,HUR,TOT,PC_LF,M,1995-11,3.4,
JPN,HUR,TOT,PC_LF,M,1995-12,3.4,
JPN,HUR,TOT,PC_LF,M,1996-01,3.5,
JPN,HUR,TOT,PC_LF,M,1996-02,3.4,
JPN,HUR,TOT,PC_LF,M,1996-03,3.2,
JPN,HUR,TOT,PC_LF,M,1996-04,3.4,
JPN,HUR,TOT,PC_LF,M,1996-05,3.4,
JPN,HUR,TOT,PC_LF,M,1996-06,3.4,
JPN,HUR,TOT,PC_LF,M,1996-07,3.4,
JPN,HUR,TOT,PC_LF,M,1996-08,3.3,
JPN,HUR,TOT,PC_LF,M,1996-09,3.3,
JPN,HUR,TOT,PC_LF,M,1996-10,3.4,
JPN,HUR,TOT,PC_LF,M,1996-11,3.3,
JPN,HUR,TOT,PC_LF,M,1996-12,3.4,
JPN,HUR,TOT,PC_LF,M,1997-01,3.3,
JPN,HUR,TOT,PC_LF,M,1997-02,3.4,
JPN,HUR,TOT,PC_LF,M,1997-03,3.3,
JPN,HUR,TOT,PC_LF,M,1997-04,3.2,
JPN,HUR,TOT,PC_LF,M,1997-05,3.4,
JPN,HUR,TOT,PC_LF,M,1997-06,3.4,
JPN,HUR,TOT,PC_LF,M,1997-07,3.4,
JPN,HUR,TOT,PC_LF,M,1997-08,3.4,
JPN,HUR,TOT,PC_LF,M,1997-09,3.5,
JPN,HUR,TOT,PC_LF,M,1997-10,3.5,
JPN,HUR,TOT,PC_LF,M,1997-11,3.5,
JPN,HUR,TOT,PC_LF,M,1997-12,3.5,
JPN,HUR,TOT,PC_LF,M,1998-01,3.6,
JPN,HUR,TOT,PC_LF,M,1998-02,3.6,
JPN,HUR,TOT,PC_LF,M,1998-03,3.8,
JPN,HUR,TOT,PC_LF,M,1998-04,4,
JPN,HUR,TOT,PC_LF,M,1998-05,4.1,
JPN,HUR,TOT,PC_LF,M,1998-06,4.1,
JPN,HUR,TOT,PC_LF,M,1998-07,4.1,
JPN,HUR,TOT,PC_LF,M,1998-08,4.4,
JPN,HUR,TOT,PC_LF,M,1998-09,4.3,
JPN,HUR,TOT,PC_LF,M,1998-10,4.3,
JPN,HUR,TOT,PC_LF,M,1998-11,4.5,
JPN,HUR,TOT,PC_LF,M,1998-12,4.4,
JPN,HUR,TOT,PC_LF,M,1999-01,4.5,
JPN,HUR,TOT,PC_LF,M,1999-02,4.6,
JPN,HUR,TOT,PC_LF,M,1999-03,4.7,
JPN,HUR,TOT,PC_LF,M,1999-04,4.7,
JPN,HUR,TOT,PC_LF,M,1999-05,4.7,
JPN,HUR,TOT,PC_LF,M,1999-06,4.8,
JPN,HUR,TOT,PC_LF,M,1999-07,4.8,
JPN,HUR,TOT,PC_LF,M,1999-08,4.7,
JPN,HUR,TOT,PC_LF,M,1999-09,4.6,
JPN,HUR,TOT,PC_LF,M,1999-10,4.6,
JPN,HUR,TOT,PC_LF,M,1999-11,4.6,
JPN,HUR,TOT,PC_LF,M,1999-12,4.7,
JPN,HUR,TOT,PC_LF,M,2000-01,4.7,
JPN,HUR,TOT,PC_LF,M,2000-02,4.9,
JPN,HUR,TOT,PC_LF,M,2000-03,4.9,
JPN,HUR,TOT,PC_LF,M,2000-04,4.8,
JPN,HUR,TOT,PC_LF,M,2000-05,4.6,
JPN,HUR,TOT,PC_LF,M,2000-06,4.7,
JPN,HUR,TOT,PC_LF,M,2000-07,4.7,
JPN,HUR,TOT,PC_LF,M,2000-08,4.6,
JPN,HUR,TOT,PC_LF,M,2000-09,4.7,
JPN,HUR,TOT,PC_LF,M,2000-10,4.7,
JPN,HUR,TOT,PC_LF,M,2000-11,4.7,
JPN,HUR,TOT,PC_LF,M,2000-12,4.8,
JPN,HUR,TOT,PC_LF,M,2001-01,4.8,
JPN,HUR,TOT,PC_LF,M,2001-02,4.7,
JPN,HUR,TOT,PC_LF,M,2001-03,4.8,
JPN,HUR,TOT,PC_LF,M,2001-04,4.8,
JPN,HUR,TOT,PC_LF,M,2001-05,4.9,
JPN,HUR,TOT,PC_LF,M,2001-06,5,
JPN,HUR,TOT,PC_LF,M,2001-07,5,
JPN,HUR,TOT,PC_LF,M,2001-08,5.1,
JPN,HUR,TOT,PC_LF,M,2001-09,5.3,
JPN,HUR,TOT,PC_LF,M,2001-10,5.3,
JPN,HUR,TOT,PC_LF,M,2001-11,5.4,
JPN,HUR,TOT,PC_LF,M,2001-12,5.4,
JPN,HUR,TOT,PC_LF,M,2002-01,5.2,
JPN,HUR,TOT,PC_LF,M,2002-02,5.3,
JPN,HUR,TOT,PC_LF,M,2002-03,5.3,
JPN,HUR,TOT,PC_LF,M,2002-04,5.3,
JPN,HUR,TOT,PC_LF,M,2002-05,5.4,
JPN,HUR,TOT,PC_LF,M,2002-06,5.5,
JPN,HUR,TOT,PC_LF,M,2002-07,5.4,
JPN,HUR,TOT,PC_LF,M,2002-08,5.5,
JPN,HUR,TOT,PC_LF,M,2002-09,5.4,
JPN,HUR,TOT,PC_LF,M,2002-10,5.4,
JPN,HUR,TOT,PC_LF,M,2002-11,5.2,
JPN,HUR,TOT,PC_LF,M,2002-12,5.4,
JPN,HUR,TOT,PC_LF,M,2003-01,5.4,
JPN,HUR,TOT,PC_LF,M,2003-02,5.2,
JPN,HUR,TOT,PC_LF,M,2003-03,5.4,
JPN,HUR,TOT,PC_LF,M,2003-04,5.5,
JPN,HUR,TOT,PC_LF,M,2003-05,5.4,
JPN,HUR,TOT,PC_LF,M,2003-06,5.4,
JPN,HUR,TOT,PC_LF,M,2003-07,5.2,
JPN,HUR,TOT,PC_LF,M,2003-08,5.1,
JPN,HUR,TOT,PC_LF,M,2003-09,5.2,
JPN,HUR,TOT,PC_LF,M,2003-10,5.1,
JPN,HUR,TOT,PC_LF,M,2003-11,5.1,
JPN,HUR,TOT,PC_LF,M,2003-12,4.9,
JPN,HUR,TOT,PC_LF,M,2004-01,4.9,
JPN,HUR,TOT,PC_LF,M,2004-02,5,
JPN,HUR,TOT,PC_LF,M,2004-03,4.8,
JPN,HUR,TOT,PC_LF,M,2004-04,4.8,
JPN,HUR,TOT,PC_LF,M,2004-05,4.7,
JPN,HUR,TOT,PC_LF,M,2004-06,4.7,
JPN,HUR,TOT,PC_LF,M,2004-07,4.9,
JPN,HUR,TOT,PC_LF,M,2004-08,4.8,
JPN,HUR,TOT,PC_LF,M,2004-09,4.6,
JPN,HUR,TOT,PC_LF,M,2004-10,4.6,
JPN,HUR,TOT,PC_LF,M,2004-11,4.5,
JPN,HUR,TOT,PC_LF,M,2004-12,4.5,
JPN,HUR,TOT,PC_LF,M,2005-01,4.5,
JPN,HUR,TOT,PC_LF,M,2005-02,4.6,
JPN,HUR,TOT,PC_LF,M,2005-03,4.5,
JPN,HUR,TOT,PC_LF,M,2005-04,4.5,
JPN,HUR,TOT,PC_LF,M,2005-05,4.5,
JPN,HUR,TOT,PC_LF,M,2005-06,4.3,
JPN,HUR,TOT,PC_LF,M,2005-07,4.4,
JPN,HUR,TOT,PC_LF,M,2005-08,4.3,
JPN,HUR,TOT,PC_LF,M,2005-09,4.2,
JPN,HUR,TOT,PC_LF,M,2005-10,4.4,
JPN,HUR,TOT,PC_LF,M,2005-11,4.5,
JPN,HUR,TOT,PC_LF,M,2005-12,4.4,
JPN,HUR,TOT,PC_LF,M,2006-01,4.4,
JPN,HUR,TOT,PC_LF,M,2006-02,4.1,
JPN,HUR,TOT,PC_LF,M,2006-03,4.1,
JPN,HUR,TOT,PC_LF,M,2006-04,4.1,
JPN,HUR,TOT,PC_LF,M,2006-05,4.1,
JPN,HUR,TOT,PC_LF,M,2006-06,4.2,
JPN,HUR,TOT,PC_LF,M,2006-07,4.1,
JPN,HUR,TOT,PC_LF,M,2006-08,4.1,
JPN,HUR,TOT,PC_LF,M,2006-09,4.1,
JPN,HUR,TOT,PC_LF,M,2006-10,4.1,
JPN,HUR,TOT,PC_LF,M,2006-11,4,
JPN,HUR,TOT,PC_LF,M,2006-12,4,
JPN,HUR,TOT,PC_LF,M,2007-01,4,
JPN,HUR,TOT,PC_LF,M,2007-02,4,
JPN,HUR,TOT,PC_LF,M,2007-03,4,
JPN,HUR,TOT,PC_LF,M,2007-04,3.8,
JPN,HUR,TOT,PC_LF,M,2007-05,3.8,
JPN,HUR,TOT,PC_LF,M,2007-06,3.7,
JPN,HUR,TOT,PC_LF,M,2007-07,3.6,
JPN,HUR,TOT,PC_LF,M,2007-08,3.7,
JPN,HUR,TOT,PC_LF,M,2007-09,3.9,
JPN,HUR,TOT,PC_LF,M,2007-10,4,
JPN,HUR,TOT,PC_LF,M,2007-11,3.8,
JPN,HUR,TOT,PC_LF,M,2007-12,3.7,
JPN,HUR,TOT,PC_LF,M,2008-01,3.9,
JPN,HUR,TOT,PC_LF,M,2008-02,4,
JPN,HUR,TOT,PC_LF,M,2008-03,3.8,
JPN,HUR,TOT,PC_LF,M,2008-04,3.9,
JPN,HUR,TOT,PC_LF,M,2008-05,4,
JPN,HUR,TOT,PC_LF,M,2008-06,4,
JPN,HUR,TOT,PC_LF,M,2008-07,3.9,
JPN,HUR,TOT,PC_LF,M,2008-08,4.1,
JPN,HUR,TOT,PC_LF,M,2008-09,4,
JPN,HUR,TOT,PC_LF,M,2008-10,3.8,
JPN,HUR,TOT,PC_LF,M,2008-11,4,
JPN,HUR,TOT,PC_LF,M,2008-12,4.4,
JPN,HUR,TOT,PC_LF,M,2009-01,4.3,
JPN,HUR,TOT,PC_LF,M,2009-02,4.6,
JPN,HUR,TOT,PC_LF,M,2009-03,4.8,
JPN,HUR,TOT,PC_LF,M,2009-04,5,
JPN,HUR,TOT,PC_LF,M,2009-05,5.1,
JPN,HUR,TOT,PC_LF,M,2009-06,5.2,
JPN,HUR,TOT,PC_LF,M,2009-07,5.5,
JPN,HUR,TOT,PC_LF,M,2009-08,5.4,
JPN,HUR,TOT,PC_LF,M,2009-09,5.4,
JPN,HUR,TOT,PC_LF,M,2009-10,5.2,
JPN,HUR,TOT,PC_LF,M,2009-11,5.2,
JPN,HUR,TOT,PC_LF,M,2009-12,5.2,
JPN,HUR,TOT,PC_LF,M,2010-01,5,
JPN,HUR,TOT,PC_LF,M,2010-02,5,
JPN,HUR,TOT,PC_LF,M,2010-03,5.1,
JPN,HUR,TOT,PC_LF,M,2010-04,5.1,
JPN,HUR,TOT,PC_LF,M,2010-05,5.1,
JPN,HUR,TOT,PC_LF,M,2010-06,5.2,
JPN,HUR,TOT,PC_LF,M,2010-07,5,
JPN,HUR,TOT,PC_LF,M,2010-08,5.1,
JPN,HUR,TOT,PC_LF,M,2010-09,5.1,
JPN,HUR,TOT,PC_LF,M,2010-10,5.1,
JPN,HUR,TOT,PC_LF,M,2010-11,5,
JPN,HUR,TOT,PC_LF,M,2010-12,4.9,
JPN,HUR,TOT,PC_LF,M,2011-01,4.8,
JPN,HUR,TOT,PC_LF,M,2011-02,4.7,
JPN,HUR,TOT,PC_LF,M,2011-03,4.7,
JPN,HUR,TOT,PC_LF,M,2011-04,4.7,
JPN,HUR,TOT,PC_LF,M,2011-05,4.6,
JPN,HUR,TOT,PC_LF,M,2011-06,4.7,
JPN,HUR,TOT,PC_LF,M,2011-07,4.7,
JPN,HUR,TOT,PC_LF,M,2011-08,4.5,
JPN,HUR,TOT,PC_LF,M,2011-09,4.2,
JPN,HUR,TOT,PC_LF,M,2011-10,4.4,
JPN,HUR,TOT,PC_LF,M,2011-11,4.5,
JPN,HUR,TOT,PC_LF,M,2011-12,4.5,
JPN,HUR,TOT,PC_LF,M,2012-01,4.5,
JPN,HUR,TOT,PC_LF,M,2012-02,4.5,
JPN,HUR,TOT,PC_LF,M,2012-03,4.5,
JPN,HUR,TOT,PC_LF,M,2012-04,4.5,
JPN,HUR,TOT,PC_LF,M,2012-05,4.4,
JPN,HUR,TOT,PC_LF,M,2012-06,4.3,
JPN,HUR,TOT,PC_LF,M,2012-07,4.3,
JPN,HUR,TOT,PC_LF,M,2012-08,4.2,
JPN,HUR,TOT,PC_LF,M,2012-09,4.2,
JPN,HUR,TOT,PC_LF,M,2012-10,4.1,
JPN,HUR,TOT,PC_LF,M,2012-11,4.1,
JPN,HUR,TOT,PC_LF,M,2012-12,4.3,
JPN,HUR,TOT,PC_LF,M,2013-01,4.2,
JPN,HUR,TOT,PC_LF,M,2013-02,4.3,
JPN,HUR,TOT,PC_LF,M,2013-03,4.1,
JPN,HUR,TOT,PC_LF,M,2013-04,4.1,
JPN,HUR,TOT,PC_LF,M,2013-05,4.1,
JPN,HUR,TOT,PC_LF,M,2013-06,3.9,
JPN,HUR,TOT,PC_LF,M,2013-07,3.8,
JPN,HUR,TOT,PC_LF,M,2013-08,4.1,
JPN,HUR,TOT,PC_LF,M,2013-09,3.9,
JPN,HUR,TOT,PC_LF,M,2013-10,4,
JPN,HUR,TOT,PC_LF,M,2013-11,3.9,
JPN,HUR,TOT,PC_LF,M,2013-12,3.7,
JPN,HUR,TOT,PC_LF,M,2014-01,3.7,
JPN,HUR,TOT,PC_LF,M,2014-02,3.6,
JPN,HUR,TOT,PC_LF,M,2014-03,3.7,
JPN,HUR,TOT,PC_LF,M,2014-04,3.6,
JPN,HUR,TOT,PC_LF,M,2014-05,3.6,
JPN,HUR,TOT,PC_LF,M,2014-06,3.7,
JPN,HUR,TOT,PC_LF,M,2014-07,3.7,
JPN,HUR,TOT,PC_LF,M,2014-08,3.5,
JPN,HUR,TOT,PC_LF,M,2014-09,3.5,
JPN,HUR,TOT,PC_LF,M,2014-10,3.6,
JPN,HUR,TOT,PC_LF,M,2014-11,3.4,
JPN,HUR,TOT,PC_LF,M,2014-12,3.4,
JPN,HUR,TOT,PC_LF,M,2015-01,3.6,
JPN,HUR,TOT,PC_LF,M,2015-02,3.5,
JPN,HUR,TOT,PC_LF,M,2015-03,3.4,
JPN,HUR,TOT,PC_LF,M,2015-04,3.4,
JPN,HUR,TOT,PC_LF,M,2015-05,3.3,
JPN,HUR,TOT,PC_LF,M,2015-06,3.4,
JPN,HUR,TOT,PC_LF,M,2015-07,3.3,
JPN,HUR,TOT,PC_LF,M,2015-08,3.4,
JPN,HUR,TOT,PC_LF,M,2015-09,3.4,
JPN,HUR,TOT,PC_LF,M,2015-10,3.2,
JPN,HUR,TOT,PC_LF,M,2015-11,3.3,
JPN,HUR,TOT,PC_LF,M,2015-12,3.3,
JPN,HUR,TOT,PC_LF,M,2016-01,3.2,
JPN,HUR,TOT,PC_LF,M,2016-02,3.3,
JPN,HUR,TOT,PC_LF,M,2016-03,3.2,
JPN,HUR,TOT,PC_LF,M,2016-04,3.2,
JPN,HUR,TOT,PC_LF,M,2016-05,3.2,
JPN,HUR,TOT,PC_LF,M,2016-06,3.1,
JPN,HUR,TOT,PC_LF,M,2016-07,3,
JPN,HUR,TOT,PC_LF,M,2016-08,3.1,
JPN,HUR,TOT,PC_LF,M,2016-09,3,
JPN,HUR,TOT,PC_LF,M,2016-10,3,
JPN,HUR,TOT,PC_LF,M,2016-11,3,
JPN,HUR,TOT,PC_LF,M,2016-12,3,
JPN,HUR,TOT,PC_LF,M,2017-01,3,
JPN,HUR,TOT,PC_LF,M,2017-02,2.9,
JPN,HUR,TOT,PC_LF,M,2017-03,2.8,
JPN,HUR,TOT,PC_LF,M,2017-04,2.8,
JPN,HUR,TOT,PC_LF,M,2017-05,3,
JPN,HUR,TOT,PC_LF,M,2017-06,2.8,
JPN,HUR,TOT,PC_LF,M,2017-07,2.8,
JPN,HUR,TOT,PC_LF,M,2017-08,2.8,
JPN,HUR,TOT,PC_LF,M,2017-09,2.8,
JPN,HUR,TOT,PC_LF,M,2017-10,2.7,
JPN,HUR,TOT,PC_LF,M,2017-11,2.7,
JPN,HUR,TOT,PC_LF,M,2017-12,2.7,
JPN,HUR,TOT,PC_LF,M,2018-01,2.4,
JPN,HUR,TOT,PC_LF,M,2018-02,2.5,
JPN,HUR,TOT,PC_LF,M,2018-03,2.5,
JPN,HUR,TOT,PC_LF,M,2018-04,2.5,
JPN,HUR,TOT,PC_LF,M,2018-05,2.2,
JPN,HUR,TOT,PC_LF,M,2018-06,2.4,
JPN,HUR,TOT,PC_LF,M,2018-07,2.5,
JPN,HUR,TOT,PC_LF,M,2018-08,2.5,
JPN,HUR,TOT,PC_LF,M,2018-09,2.3,
JPN,HUR,TOT,PC_LF,M,2018-10,2.4,
JPN,HUR,TOT,PC_LF,M,2018-11,2.5,
JPN,HUR,TOT,PC_LF,M,2018-12,2.5,
JPN,HUR,TOT,PC_LF,M,2019-01,2.5,
JPN,HUR,TOT,PC_LF,M,2019-02,2.4,
JPN,HUR,TOT,PC_LF,M,2019-03,2.5,
JPN,HUR,TOT,PC_LF,M,2019-04,2.4,
JPN,HUR,TOT,PC_LF,M,2019-05,2.3,
JPN,HUR,TOT,PC_LF,M,2019-06,2.3,
JPN,HUR,TOT,PC_LF,M,2019-07,2.3,
JPN,HUR,TOT,PC_LF,M,2019-08,2.3,
JPN,HUR,TOT,PC_LF,M,2019-09,2.4,
JPN,HUR,TOT,PC_LF,M,2019-10,2.4,
JPN,HUR,TOT,PC_LF,M,2019-11,2.3,
JPN,HUR,TOT,PC_LF,M,2019-12,2.2,
JPN,HUR,TOT,PC_LF,M,2020-01,2.4,
JPN,HUR,TOT,PC_LF,M,2020-02,2.4,
JPN,HUR,TOT,PC_LF,M,2020-03,2.5,
JPN,HUR,TOT,PC_LF,M,2020-04,2.6,
JPN,HUR,TOT,PC_LF,M,2020-05,2.8,
JPN,HUR,TOT,PC_LF,M,2020-06,2.8,
JPN,HUR,TOT,PC_LF,M,2020-07,2.9,
JPN,HUR,TOT,PC_LF,M,2020-08,3,
JPN,HUR,TOT,PC_LF,M,2020-09,3,
JPN,HUR,TOT,PC_LF,M,2020-10,3.1,
JPN,HUR,TOT,PC_LF,M,2020-11,2.9,
JPN,HUR,TOT,PC_LF,M,2020-12,3,
JPN,HUR,TOT,PC_LF,M,2021-01,2.9,
JPN,HUR,TOT,PC_LF,M,2021-02,2.9,
JPN,HUR,TOT,PC_LF,M,2021-03,2.7,
JPN,HUR,TOT,PC_LF,M,2021-04,2.9,
JPN,HUR,TOT,PC_LF,M,2021-05,2.9,
JPN,HUR,TOT,PC_LF,M,2021-06,2.9,
JPN,HUR,TOT,PC_LF,M,2021-07,2.8,
JPN,HUR,TOT,PC_LF,M,2021-08,2.8,
JPN,HUR,TOT,PC_LF,M,2021-09,2.7,
JPN,HUR,TOT,PC_LF,M,2021-10,2.7,
JPN,HUR,TOT,PC_LF,M,2021-11,2.8,
JPN,HUR,TOT,PC_LF,M,2021-12,2.7,
JPN,HUR,TOT,PC_LF,M,2022-01,2.7,
JPN,HUR,TOT,PC_LF,M,2022-02,2.7,
JPN,HUR,TOT,PC_LF,M,2022-03,2.6,
JPN,HUR,TOT,PC_LF,M,2022-04,2.6,
JPN,HUR,TOT,PC_LF,M,2022-05,2.6,
JPN,HUR,TOT,PC_LF,M,2022-06,2.6,
JPN,HUR,TOT,PC_LF,M,2022-07,2.6,
JPN,HUR,TOT,PC_LF,M,2022-08,2.5,
JPN,HUR,TOT,PC_LF,M,2022-09,2.6,
JPN,HUR,TOT,PC_LF,M,2022-10,2.6,
JPN,HUR,TOT,PC_LF,M,2022-11,2.5,
JPN,HUR,TOT,PC_LF,M,2022-12,2.5,
JPN,HUR,TOT,PC_LF,M,2023-01,2.4,
JPN,HUR,TOT,PC_LF,M,2023-02,2.6,
GBR,HUR,TOT,PC_LF,M,1991-05,8.5,
GBR,HUR,TOT,PC_LF,M,1991-06,8.6,
GBR,HUR,TOT,PC_LF,M,1991-07,8.8,
GBR,HUR,TOT,PC_LF,M,1991-08,9,
GBR,HUR,TOT,PC_LF,M,1991-09,9,
GBR,HUR,TOT,PC_LF,M,1991-10,9,
GBR,HUR,TOT,PC_LF,M,1991-11,9.1,
GBR,HUR,TOT,PC_LF,M,1991-12,9.2,
GBR,HUR,TOT,PC_LF,M,1992-01,9.3,
GBR,HUR,TOT,PC_LF,M,1992-02,9.3,
GBR,HUR,TOT,PC_LF,M,1992-03,9.3,
GBR,HUR,TOT,PC_LF,M,1992-04,9.8,
GBR,HUR,TOT,PC_LF,M,1992-05,9.8,
GBR,HUR,TOT,PC_LF,M,1992-06,9.9,
GBR,HUR,TOT,PC_LF,M,1992-07,9.9,
GBR,HUR,TOT,PC_LF,M,1992-08,9.9,
GBR,HUR,TOT,PC_LF,M,1992-09,10.1,
GBR,HUR,TOT,PC_LF,M,1992-10,10.2,
GBR,HUR,TOT,PC_LF,M,1992-11,10.4,
GBR,HUR,TOT,PC_LF,M,1992-12,10.5,
GBR,HUR,TOT,PC_LF,M,1993-01,10.7,
GBR,HUR,TOT,PC_LF,M,1993-02,10.6,
GBR,HUR,TOT,PC_LF,M,1993-03,10.6,
GBR,HUR,TOT,PC_LF,M,1993-04,10.5,
GBR,HUR,TOT,PC_LF,M,1993-05,10.4,
GBR,HUR,TOT,PC_LF,M,1993-06,10.4,
GBR,HUR,TOT,PC_LF,M,1993-07,10.3,
GBR,HUR,TOT,PC_LF,M,1993-08,10.2,
GBR,HUR,TOT,PC_LF,M,1993-09,10.3,
GBR,HUR,TOT,PC_LF,M,1993-10,10.2,
GBR,HUR,TOT,PC_LF,M,1993-11,10.3,
GBR,HUR,TOT,PC_LF,M,1993-12,10.3,
GBR,HUR,TOT,PC_LF,M,1994-01,10.1,
GBR,HUR,TOT,PC_LF,M,1994-02,9.9,
GBR,HUR,TOT,PC_LF,M,1994-03,9.8,
GBR,HUR,TOT,PC_LF,M,1994-04,9.7,
GBR,HUR,TOT,PC_LF,M,1994-05,9.7,
GBR,HUR,TOT,PC_LF,M,1994-06,9.6,
GBR,HUR,TOT,PC_LF,M,1994-07,9.5,
GBR,HUR,TOT,PC_LF,M,1994-08,9.4,
GBR,HUR,TOT,PC_LF,M,1994-09,9.3,
GBR,HUR,TOT,PC_LF,M,1994-10,9.1,
GBR,HUR,TOT,PC_LF,M,1994-11,9,
GBR,HUR,TOT,PC_LF,M,1994-12,8.9,
GBR,HUR,TOT,PC_LF,M,1995-01,8.9,
GBR,HUR,TOT,PC_LF,M,1995-02,8.9,
GBR,HUR,TOT,PC_LF,M,1995-03,8.8,
GBR,HUR,TOT,PC_LF,M,1995-04,8.8,
GBR,HUR,TOT,PC_LF,M,1995-05,8.7,
GBR,HUR,TOT,PC_LF,M,1995-06,8.7,
GBR,HUR,TOT,PC_LF,M,1995-07,8.6,
GBR,HUR,TOT,PC_LF,M,1995-08,8.6,
GBR,HUR,TOT,PC_LF,M,1995-09,8.6,
GBR,HUR,TOT,PC_LF,M,1995-10,8.6,
GBR,HUR,TOT,PC_LF,M,1995-11,8.3,
GBR,HUR,TOT,PC_LF,M,1995-12,8.4,
GBR,HUR,TOT,PC_LF,M,1996-01,8.3,
GBR,HUR,TOT,PC_LF,M,1996-02,8.2,
GBR,HUR,TOT,PC_LF,M,1996-03,8.3,
GBR,HUR,TOT,PC_LF,M,1996-04,8.3,
GBR,HUR,TOT,PC_LF,M,1996-05,8.3,
GBR,HUR,TOT,PC_LF,M,1996-06,8.2,
GBR,HUR,TOT,PC_LF,M,1996-07,8.1,
GBR,HUR,TOT,PC_LF,M,1996-08,8.1,
GBR,HUR,TOT,PC_LF,M,1996-09,8.1,
GBR,HUR,TOT,PC_LF,M,1996-10,8,
GBR,HUR,TOT,PC_LF,M,1996-11,7.8,
GBR,HUR,TOT,PC_LF,M,1996-12,7.7,
GBR,HUR,TOT,PC_LF,M,1997-01,7.5,
GBR,HUR,TOT,PC_LF,M,1997-02,7.3,
GBR,HUR,TOT,PC_LF,M,1997-03,7.2,
GBR,HUR,TOT,PC_LF,M,1997-04,7.2,
GBR,HUR,TOT,PC_LF,M,1997-05,7.2,
GBR,HUR,TOT,PC_LF,M,1997-06,7.3,
GBR,HUR,TOT,PC_LF,M,1997-07,7.1,
GBR,HUR,TOT,PC_LF,M,1997-08,6.8,
GBR,HUR,TOT,PC_LF,M,1997-09,6.7,
GBR,HUR,TOT,PC_LF,M,1997-10,6.6,
GBR,HUR,TOT,PC_LF,M,1997-11,6.5,
GBR,HUR,TOT,PC_LF,M,1997-12,6.4,
GBR,HUR,TOT,PC_LF,M,1998-01,6.4,
GBR,HUR,TOT,PC_LF,M,1998-02,6.4,
GBR,HUR,TOT,PC_LF,M,1998-03,6.3,
GBR,HUR,TOT,PC_LF,M,1998-04,6.3,
GBR,HUR,TOT,PC_LF,M,1998-05,6.3,
GBR,HUR,TOT,PC_LF,M,1998-06,6.3,
GBR,HUR,TOT,PC_LF,M,1998-07,6.3,
GBR,HUR,TOT,PC_LF,M,1998-08,6.2,
GBR,HUR,TOT,PC_LF,M,1998-09,6.2,
GBR,HUR,TOT,PC_LF,M,1998-10,6.2,
GBR,HUR,TOT,PC_LF,M,1998-11,6.1,
GBR,HUR,TOT,PC_LF,M,1998-12,6.2,
GBR,HUR,TOT,PC_LF,M,1999-01,6.2,
GBR,HUR,TOT,PC_LF,M,1999-02,6.2,
GBR,HUR,TOT,PC_LF,M,1999-03,6.2,
GBR,HUR,TOT,PC_LF,M,1999-04,6.1,
GBR,HUR,TOT,PC_LF,M,1999-05,6,
GBR,HUR,TOT,PC_LF,M,1999-06,6,
GBR,HUR,TOT,PC_LF,M,1999-07,5.9,
GBR,HUR,TOT,PC_LF,M,1999-08,5.9,
GBR,HUR,TOT,PC_LF,M,1999-09,5.8,
GBR,HUR,TOT,PC_LF,M,1999-10,5.8,
GBR,HUR,TOT,PC_LF,M,1999-11,5.8,
GBR,HUR,TOT,PC_LF,M,1999-12,5.9,
GBR,HUR,TOT,PC_LF,M,2000-01,5.8,
GBR,HUR,TOT,PC_LF,M,2000-02,5.8,
GBR,HUR,TOT,PC_LF,M,2000-03,5.7,
GBR,HUR,TOT,PC_LF,M,2000-04,5.6,
GBR,HUR,TOT,PC_LF,M,2000-05,5.5,
GBR,HUR,TOT,PC_LF,M,2000-06,5.3,
GBR,HUR,TOT,PC_LF,M,2000-07,5.3,
GBR,HUR,TOT,PC_LF,M,2000-08,5.3,
GBR,HUR,TOT,PC_LF,M,2000-09,5.4,
GBR,HUR,TOT,PC_LF,M,2000-10,5.3,
GBR,HUR,TOT,PC_LF,M,2000-11,5.2,
GBR,HUR,TOT,PC_LF,M,2000-12,5.2,
GBR,HUR,TOT,PC_LF,M,2001-01,5.2,
GBR,HUR,TOT,PC_LF,M,2001-02,5.1,
GBR,HUR,TOT,PC_LF,M,2001-03,5,
GBR,HUR,TOT,PC_LF,M,2001-04,4.9,
GBR,HUR,TOT,PC_LF,M,2001-05,5,
GBR,HUR,TOT,PC_LF,M,2001-06,5,
GBR,HUR,TOT,PC_LF,M,2001-07,5.1,
GBR,HUR,TOT,PC_LF,M,2001-08,5.1,
GBR,HUR,TOT,PC_LF,M,2001-09,5.1,
GBR,HUR,TOT,PC_LF,M,2001-10,5.1,
GBR,HUR,TOT,PC_LF,M,2001-11,5.2,
GBR,HUR,TOT,PC_LF,M,2001-12,5.2,
GBR,HUR,TOT,PC_LF,M,2002-01,5.1,
GBR,HUR,TOT,PC_LF,M,2002-02,5.2,
GBR,HUR,TOT,PC_LF,M,2002-03,5.2,
GBR,HUR,TOT,PC_LF,M,2002-04,5.2,
GBR,HUR,TOT,PC_LF,M,2002-05,5.2,
GBR,HUR,TOT,PC_LF,M,2002-06,5.2,
GBR,HUR,TOT,PC_LF,M,2002-07,5.2,
GBR,HUR,TOT,PC_LF,M,2002-08,5.3,
GBR,HUR,TOT,PC_LF,M,2002-09,5.2,
GBR,HUR,TOT,PC_LF,M,2002-10,5.2,
GBR,HUR,TOT,PC_LF,M,2002-11,5.1,
GBR,HUR,TOT,PC_LF,M,2002-12,5,
GBR,HUR,TOT,PC_LF,M,2003-01,5.1,
GBR,HUR,TOT,PC_LF,M,2003-02,5.2,
GBR,HUR,TOT,PC_LF,M,2003-03,5.1,
GBR,HUR,TOT,PC_LF,M,2003-04,5,
GBR,HUR,TOT,PC_LF,M,2003-05,4.9,
GBR,HUR,TOT,PC_LF,M,2003-06,5.1,
GBR,HUR,TOT,PC_LF,M,2003-07,5.1,
GBR,HUR,TOT,PC_LF,M,2003-08,5,
GBR,HUR,TOT,PC_LF,M,2003-09,5,
GBR,HUR,TOT,PC_LF,M,2003-10,4.9,
GBR,HUR,TOT,PC_LF,M,2003-11,4.9,
GBR,HUR,TOT,PC_LF,M,2003-12,4.8,
GBR,HUR,TOT,PC_LF,M,2004-01,4.8,
GBR,HUR,TOT,PC_LF,M,2004-02,4.8,
GBR,HUR,TOT,PC_LF,M,2004-03,4.8,
GBR,HUR,TOT,PC_LF,M,2004-04,4.8,
GBR,HUR,TOT,PC_LF,M,2004-05,4.8,
GBR,HUR,TOT,PC_LF,M,2004-06,4.8,
GBR,HUR,TOT,PC_LF,M,2004-07,4.7,
GBR,HUR,TOT,PC_LF,M,2004-08,4.7,
GBR,HUR,TOT,PC_LF,M,2004-09,4.7,
GBR,HUR,TOT,PC_LF,M,2004-10,4.7,
GBR,HUR,TOT,PC_LF,M,2004-11,4.7,
GBR,HUR,TOT,PC_LF,M,2004-12,4.7,
GBR,HUR,TOT,PC_LF,M,2005-01,4.8,
GBR,HUR,TOT,PC_LF,M,2005-02,4.7,
GBR,HUR,TOT,PC_LF,M,2005-03,4.7,
GBR,HUR,TOT,PC_LF,M,2005-04,4.8,
GBR,HUR,TOT,PC_LF,M,2005-05,4.8,
GBR,HUR,TOT,PC_LF,M,2005-06,4.7,
GBR,HUR,TOT,PC_LF,M,2005-07,4.7,
GBR,HUR,TOT,PC_LF,M,2005-08,4.7,
GBR,HUR,TOT,PC_LF,M,2005-09,4.9,
GBR,HUR,TOT,PC_LF,M,2005-10,5.1,
GBR,HUR,TOT,PC_LF,M,2005-11,5.1,
GBR,HUR,TOT,PC_LF,M,2005-12,5.1,
GBR,HUR,TOT,PC_LF,M,2006-01,5.2,
GBR,HUR,TOT,PC_LF,M,2006-02,5.2,
GBR,HUR,TOT,PC_LF,M,2006-03,5.3,
GBR,HUR,TOT,PC_LF,M,2006-04,5.4,
GBR,HUR,TOT,PC_LF,M,2006-05,5.5,
GBR,HUR,TOT,PC_LF,M,2006-06,5.5,
GBR,HUR,TOT,PC_LF,M,2006-07,5.5,
GBR,HUR,TOT,PC_LF,M,2006-08,5.5,
GBR,HUR,TOT,PC_LF,M,2006-09,5.5,
GBR,HUR,TOT,PC_LF,M,2006-10,5.4,
GBR,HUR,TOT,PC_LF,M,2006-11,5.5,
GBR,HUR,TOT,PC_LF,M,2006-12,5.5,
GBR,HUR,TOT,PC_LF,M,2007-01,5.5,
GBR,HUR,TOT,PC_LF,M,2007-02,5.5,
GBR,HUR,TOT,PC_LF,M,2007-03,5.5,
GBR,HUR,TOT,PC_LF,M,2007-04,5.4,
GBR,HUR,TOT,PC_LF,M,2007-05,5.4,
GBR,HUR,TOT,PC_LF,M,2007-06,5.3,
GBR,HUR,TOT,PC_LF,M,2007-07,5.3,
GBR,HUR,TOT,PC_LF,M,2007-08,5.3,
GBR,HUR,TOT,PC_LF,M,2007-09,5.2,
GBR,HUR,TOT,PC_LF,M,2007-10,5.2,
GBR,HUR,TOT,PC_LF,M,2007-11,5.2,
GBR,HUR,TOT,PC_LF,M,2007-12,5.2,
GBR,HUR,TOT,PC_LF,M,2008-01,5.2,
GBR,HUR,TOT,PC_LF,M,2008-02,5.2,
GBR,HUR,TOT,PC_LF,M,2008-03,5.3,
GBR,HUR,TOT,PC_LF,M,2008-04,5.2,
GBR,HUR,TOT,PC_LF,M,2008-05,5.4,
GBR,HUR,TOT,PC_LF,M,2008-06,5.5,
GBR,HUR,TOT,PC_LF,M,2008-07,5.7,
GBR,HUR,TOT,PC_LF,M,2008-08,5.9,
GBR,HUR,TOT,PC_LF,M,2008-09,6,
GBR,HUR,TOT,PC_LF,M,2008-10,6.2,
GBR,HUR,TOT,PC_LF,M,2008-11,6.4,
GBR,HUR,TOT,PC_LF,M,2008-12,6.5,
GBR,HUR,TOT,PC_LF,M,2009-01,6.7,
GBR,HUR,TOT,PC_LF,M,2009-02,7.1,
GBR,HUR,TOT,PC_LF,M,2009-03,7.3,
GBR,HUR,TOT,PC_LF,M,2009-04,7.6,
GBR,HUR,TOT,PC_LF,M,2009-05,7.8,
GBR,HUR,TOT,PC_LF,M,2009-06,7.9,
GBR,HUR,TOT,PC_LF,M,2009-07,7.9,
GBR,HUR,TOT,PC_LF,M,2009-08,7.8,
GBR,HUR,TOT,PC_LF,M,2009-09,7.9,
GBR,HUR,TOT,PC_LF,M,2009-10,7.8,
GBR,HUR,TOT,PC_LF,M,2009-11,7.8,
GBR,HUR,TOT,PC_LF,M,2009-12,7.7,
GBR,HUR,TOT,PC_LF,M,2010-01,7.9,
GBR,HUR,TOT,PC_LF,M,2010-02,8,
GBR,HUR,TOT,PC_LF,M,2010-03,8,
GBR,HUR,TOT,PC_LF,M,2010-04,7.9,
GBR,HUR,TOT,PC_LF,M,2010-05,7.9,
GBR,HUR,TOT,PC_LF,M,2010-06,7.8,
GBR,HUR,TOT,PC_LF,M,2010-07,7.8,
GBR,HUR,TOT,PC_LF,M,2010-08,7.8,
GBR,HUR,TOT,PC_LF,M,2010-09,7.9,
GBR,HUR,TOT,PC_LF,M,2010-10,7.9,
GBR,HUR,TOT,PC_LF,M,2010-11,7.9,
GBR,HUR,TOT,PC_LF,M,2010-12,7.9,
GBR,HUR,TOT,PC_LF,M,2011-01,7.8,
GBR,HUR,TOT,PC_LF,M,2011-02,7.8,
GBR,HUR,TOT,PC_LF,M,2011-03,7.7,
GBR,HUR,TOT,PC_LF,M,2011-04,7.8,
GBR,HUR,TOT,PC_LF,M,2011-05,7.9,
GBR,HUR,TOT,PC_LF,M,2011-06,8,
GBR,HUR,TOT,PC_LF,M,2011-07,8.2,
GBR,HUR,TOT,PC_LF,M,2011-08,8.3,
GBR,HUR,TOT,PC_LF,M,2011-09,8.4,
GBR,HUR,TOT,PC_LF,M,2011-10,8.5,
GBR,HUR,TOT,PC_LF,M,2011-11,8.4,
GBR,HUR,TOT,PC_LF,M,2011-12,8.4,
GBR,HUR,TOT,PC_LF,M,2012-01,8.3,
GBR,HUR,TOT,PC_LF,M,2012-02,8.2,
GBR,HUR,TOT,PC_LF,M,2012-03,8.2,
GBR,HUR,TOT,PC_LF,M,2012-04,8.1,
GBR,HUR,TOT,PC_LF,M,2012-05,8,
GBR,HUR,TOT,PC_LF,M,2012-06,8,
GBR,HUR,TOT,PC_LF,M,2012-07,7.9,
GBR,HUR,TOT,PC_LF,M,2012-08,7.9,
GBR,HUR,TOT,PC_LF,M,2012-09,7.9,
GBR,HUR,TOT,PC_LF,M,2012-10,7.8,
GBR,HUR,TOT,PC_LF,M,2012-11,7.8,
GBR,HUR,TOT,PC_LF,M,2012-12,7.8,
GBR,HUR,TOT,PC_LF,M,2013-01,8,
GBR,HUR,TOT,PC_LF,M,2013-02,7.8,
GBR,HUR,TOT,PC_LF,M,2013-03,7.8,
GBR,HUR,TOT,PC_LF,M,2013-04,7.8,
GBR,HUR,TOT,PC_LF,M,2013-05,7.7,
GBR,HUR,TOT,PC_LF,M,2013-06,7.7,
GBR,HUR,TOT,PC_LF,M,2013-07,7.7,
GBR,HUR,TOT,PC_LF,M,2013-08,7.6,
GBR,HUR,TOT,PC_LF,M,2013-09,7.4,
GBR,HUR,TOT,PC_LF,M,2013-10,7.2,
GBR,HUR,TOT,PC_LF,M,2013-11,7.2,
GBR,HUR,TOT,PC_LF,M,2013-12,7.2,
GBR,HUR,TOT,PC_LF,M,2014-01,6.9,
GBR,HUR,TOT,PC_LF,M,2014-02,6.8,
GBR,HUR,TOT,PC_LF,M,2014-03,6.6,
GBR,HUR,TOT,PC_LF,M,2014-04,6.4,
GBR,HUR,TOT,PC_LF,M,2014-05,6.3,
GBR,HUR,TOT,PC_LF,M,2014-06,6.1,
GBR,HUR,TOT,PC_LF,M,2014-07,6,
GBR,HUR,TOT,PC_LF,M,2014-08,6,
GBR,HUR,TOT,PC_LF,M,2014-09,6,
GBR,HUR,TOT,PC_LF,M,2014-10,5.9,
GBR,HUR,TOT,PC_LF,M,2014-11,5.7,
GBR,HUR,TOT,PC_LF,M,2014-12,5.7,
GBR,HUR,TOT,PC_LF,M,2015-01,5.6,
GBR,HUR,TOT,PC_LF,M,2015-02,5.5,
GBR,HUR,TOT,PC_LF,M,2015-03,5.5,
GBR,HUR,TOT,PC_LF,M,2015-04,5.6,
GBR,HUR,TOT,PC_LF,M,2015-05,5.6,
GBR,HUR,TOT,PC_LF,M,2015-06,5.5,
GBR,HUR,TOT,PC_LF,M,2015-07,5.4,
GBR,HUR,TOT,PC_LF,M,2015-08,5.3,
GBR,HUR,TOT,PC_LF,M,2015-09,5.2,
GBR,HUR,TOT,PC_LF,M,2015-10,5.1,
GBR,HUR,TOT,PC_LF,M,2015-11,5.1,
GBR,HUR,TOT,PC_LF,M,2015-12,5.1,
GBR,HUR,TOT,PC_LF,M,2016-01,5.1,
GBR,HUR,TOT,PC_LF,M,2016-02,5.1,
GBR,HUR,TOT,PC_LF,M,2016-03,5,
GBR,HUR,TOT,PC_LF,M,2016-04,4.9,
GBR,HUR,TOT,PC_LF,M,2016-05,4.9,
GBR,HUR,TOT,PC_LF,M,2016-06,4.9,
GBR,HUR,TOT,PC_LF,M,2016-07,5,
GBR,HUR,TOT,PC_LF,M,2016-08,4.8,
GBR,HUR,TOT,PC_LF,M,2016-09,4.8,
GBR,HUR,TOT,PC_LF,M,2016-10,4.8,
GBR,HUR,TOT,PC_LF,M,2016-11,4.7,
GBR,HUR,TOT,PC_LF,M,2016-12,4.7,
GBR,HUR,TOT,PC_LF,M,2017-01,4.6,
GBR,HUR,TOT,PC_LF,M,2017-02,4.6,
GBR,HUR,TOT,PC_LF,M,2017-03,4.5,
GBR,HUR,TOT,PC_LF,M,2017-04,4.4,
GBR,HUR,TOT,PC_LF,M,2017-05,4.4,
GBR,HUR,TOT,PC_LF,M,2017-06,4.3,
GBR,HUR,TOT,PC_LF,M,2017-07,4.3,
GBR,HUR,TOT,PC_LF,M,2017-08,4.3,
GBR,HUR,TOT,PC_LF,M,2017-09,4.2,
GBR,HUR,TOT,PC_LF,M,2017-10,4.3,
GBR,HUR,TOT,PC_LF,M,2017-11,4.4,
GBR,HUR,TOT,PC_LF,M,2017-12,4.3,
GBR,HUR,TOT,PC_LF,M,2018-01,4.2,
GBR,HUR,TOT,PC_LF,M,2018-02,4.2,
GBR,HUR,TOT,PC_LF,M,2018-03,4.2,
GBR,HUR,TOT,PC_LF,M,2018-04,4.2,
GBR,HUR,TOT,PC_LF,M,2018-05,4,
GBR,HUR,TOT,PC_LF,M,2018-06,4,
GBR,HUR,TOT,PC_LF,M,2018-07,4,
GBR,HUR,TOT,PC_LF,M,2018-08,4.1,
GBR,HUR,TOT,PC_LF,M,2018-09,4.1,
GBR,HUR,TOT,PC_LF,M,2018-10,4,
GBR,HUR,TOT,PC_LF,M,2018-11,4,
GBR,HUR,TOT,PC_LF,M,2018-12,3.9,
GBR,HUR,TOT,PC_LF,M,2019-01,3.9,
GBR,HUR,TOT,PC_LF,M,2019-02,3.8,
GBR,HUR,TOT,PC_LF,M,2019-03,3.8,
GBR,HUR,TOT,PC_LF,M,2019-04,3.8,
GBR,HUR,TOT,PC_LF,M,2019-05,3.9,
GBR,HUR,TOT,PC_LF,M,2019-06,3.8,
GBR,HUR,TOT,PC_LF,M,2019-07,3.9,
GBR,HUR,TOT,PC_LF,M,2019-08,3.8,
GBR,HUR,TOT,PC_LF,M,2019-09,3.8,
GBR,HUR,TOT,PC_LF,M,2019-10,3.8,
GBR,HUR,TOT,PC_LF,M,2019-11,3.8,
GBR,HUR,TOT,PC_LF,M,2019-12,3.9,
GBR,HUR,TOT,PC_LF,M,2020-01,4,
GBR,HUR,TOT,PC_LF,M,2020-02,4,
GBR,HUR,TOT,PC_LF,M,2020-03,4.1,
GBR,HUR,TOT,PC_LF,M,2020-04,4.1,
GBR,HUR,TOT,PC_LF,M,2020-05,4.1,
GBR,HUR,TOT,PC_LF,M,2020-06,4.3,
GBR,HUR,TOT,PC_LF,M,2020-07,4.6,
GBR,HUR,TOT,PC_LF,M,2020-08,4.9,
GBR,HUR,TOT,PC_LF,M,2020-09,5.1,
GBR,HUR,TOT,PC_LF,M,2020-10,5.1,
GBR,HUR,TOT,PC_LF,M,2020-11,5.2,
GBR,HUR,TOT,PC_LF,M,2020-12,5.1,
GBR,HUR,TOT,PC_LF,M,2021-01,5.1,
GBR,HUR,TOT,PC_LF,M,2021-02,4.9,
GBR,HUR,TOT,PC_LF,M,2021-03,4.9,
GBR,HUR,TOT,PC_LF,M,2021-04,4.9,
GBR,HUR,TOT,PC_LF,M,2021-05,4.7,
GBR,HUR,TOT,PC_LF,M,2021-06,4.6,
GBR,HUR,TOT,PC_LF,M,2021-07,4.4,
GBR,HUR,TOT,PC_LF,M,2021-08,4.3,
GBR,HUR,TOT,PC_LF,M,2021-09,4.2,
GBR,HUR,TOT,PC_LF,M,2021-10,4.1,
GBR,HUR,TOT,PC_LF,M,2021-11,4,
GBR,HUR,TOT,PC_LF,M,2021-12,4,
GBR,HUR,TOT,PC_LF,M,2022-01,3.8,
GBR,HUR,TOT,PC_LF,M,2022-02,3.7,
GBR,HUR,TOT,PC_LF,M,2022-03,3.8,
GBR,HUR,TOT,PC_LF,M,2022-04,3.8,
GBR,HUR,TOT,PC_LF,M,2022-05,3.8,
GBR,HUR,TOT,PC_LF,M,2022-06,3.6,
GBR,HUR,TOT,PC_LF,M,2022-07,3.5,
GBR,HUR,TOT,PC_LF,M,2022-08,3.6,
GBR,HUR,TOT,PC_LF,M,2022-09,3.7,
GBR,HUR,TOT,PC_LF,M,2022-10,3.7,
GBR,HUR,TOT,PC_LF,M,2022-11,3.7,
GBR,HUR,TOT,PC_LF,M,2022-12,3.7,
GBR,HUR,TOT,PC_LF,M,2023-01,3.8,
USA,HUR,TOT,PC_LF,M,1991-05,6.9,
USA,HUR,TOT,PC_LF,M,1991-06,6.9,
USA,HUR,TOT,PC_LF,M,1991-07,6.8,
USA,HUR,TOT,PC_LF,M,1991-08,6.9,
USA,HUR,TOT,PC_LF,M,1991-09,6.9,
USA,HUR,TOT,PC_LF,M,1991-10,7,
USA,HUR,TOT,PC_LF,M,1991-11,7,
USA,HUR,TOT,PC_LF,M,1991-12,7.3,
USA,HUR,TOT,PC_LF,M,1992-01,7.3,
USA,HUR,TOT,PC_LF,M,1992-02,7.4,
USA,HUR,TOT,PC_LF,M,1992-03,7.4,
USA,HUR,TOT,PC_LF,M,1992-04,7.4,
USA,HUR,TOT,PC_LF,M,1992-05,7.6,
USA,HUR,TOT,PC_LF,M,1992-06,7.8,
USA,HUR,TOT,PC_LF,M,1992-07,7.7,
USA,HUR,TOT,PC_LF,M,1992-08,7.6,
USA,HUR,TOT,PC_LF,M,1992-09,7.6,
USA,HUR,TOT,PC_LF,M,1992-10,7.3,
USA,HUR,TOT,PC_LF,M,1992-11,7.4,
USA,HUR,TOT,PC_LF,M,1992-12,7.4,
USA,HUR,TOT,PC_LF,M,1993-01,7.3,
USA,HUR,TOT,PC_LF,M,1993-02,7.1,
USA,HUR,TOT,PC_LF,M,1993-03,7,
USA,HUR,TOT,PC_LF,M,1993-04,7.1,
USA,HUR,TOT,PC_LF,M,1993-05,7.1,
USA,HUR,TOT,PC_LF,M,1993-06,7,
USA,HUR,TOT,PC_LF,M,1993-07,6.9,
USA,HUR,TOT,PC_LF,M,1993-08,6.8,
USA,HUR,TOT,PC_LF,M,1993-09,6.7,
USA,HUR,TOT,PC_LF,M,1993-10,6.8,
USA,HUR,TOT,PC_LF,M,1993-11,6.6,
USA,HUR,TOT,PC_LF,M,1993-12,6.5,
USA,HUR,TOT,PC_LF,M,1994-01,6.6,
USA,HUR,TOT,PC_LF,M,1994-02,6.6,
USA,HUR,TOT,PC_LF,M,1994-03,6.5,
USA,HUR,TOT,PC_LF,M,1994-04,6.4,
USA,HUR,TOT,PC_LF,M,1994-05,6.1,
USA,HUR,TOT,PC_LF,M,1994-06,6.1,
USA,HUR,TOT,PC_LF,M,1994-07,6.1,
USA,HUR,TOT,PC_LF,M,1994-08,6,
USA,HUR,TOT,PC_LF,M,1994-09,5.9,
USA,HUR,TOT,PC_LF,M,1994-10,5.8,
USA,HUR,TOT,PC_LF,M,1994-11,5.6,
USA,HUR,TOT,PC_LF,M,1994-12,5.5,
USA,HUR,TOT,PC_LF,M,1995-01,5.6,
USA,HUR,TOT,PC_LF,M,1995-02,5.4,
USA,HUR,TOT,PC_LF,M,1995-03,5.4,
USA,HUR,TOT,PC_LF,M,1995-04,5.8,
USA,HUR,TOT,PC_LF,M,1995-05,5.6,
USA,HUR,TOT,PC_LF,M,1995-06,5.6,
USA,HUR,TOT,PC_LF,M,1995-07,5.7,
USA,HUR,TOT,PC_LF,M,1995-08,5.7,
USA,HUR,TOT,PC_LF,M,1995-09,5.6,
USA,HUR,TOT,PC_LF,M,1995-10,5.5,
USA,HUR,TOT,PC_LF,M,1995-11,5.6,
USA,HUR,TOT,PC_LF,M,1995-12,5.6,
USA,HUR,TOT,PC_LF,M,1996-01,5.6,
USA,HUR,TOT,PC_LF,M,1996-02,5.5,
USA,HUR,TOT,PC_LF,M,1996-03,5.5,
USA,HUR,TOT,PC_LF,M,1996-04,5.6,
USA,HUR,TOT,PC_LF,M,1996-05,5.6,
USA,HUR,TOT,PC_LF,M,1996-06,5.3,
USA,HUR,TOT,PC_LF,M,1996-07,5.5,
USA,HUR,TOT,PC_LF,M,1996-08,5.1,
USA,HUR,TOT,PC_LF,M,1996-09,5.2,
USA,HUR,TOT,PC_LF,M,1996-10,5.2,
USA,HUR,TOT,PC_LF,M,1996-11,5.4,
USA,HUR,TOT,PC_LF,M,1996-12,5.4,
USA,HUR,TOT,PC_LF,M,1997-01,5.3,
USA,HUR,TOT,PC_LF,M,1997-02,5.2,
USA,HUR,TOT,PC_LF,M,1997-03,5.2,
USA,HUR,TOT,PC_LF,M,1997-04,5.1,
USA,HUR,TOT,PC_LF,M,1997-05,4.9,
USA,HUR,TOT,PC_LF,M,1997-06,5,
USA,HUR,TOT,PC_LF,M,1997-07,4.9,
USA,HUR,TOT,PC_LF,M,1997-08,4.8,
USA,HUR,TOT,PC_LF,M,1997-09,4.9,
USA,HUR,TOT,PC_LF,M,1997-10,4.7,
USA,HUR,TOT,PC_LF,M,1997-11,4.6,
USA,HUR,TOT,PC_LF,M,1997-12,4.7,
USA,HUR,TOT,PC_LF,M,1998-01,4.6,
USA,HUR,TOT,PC_LF,M,1998-02,4.6,
USA,HUR,TOT,PC_LF,M,1998-03,4.7,
USA,HUR,TOT,PC_LF,M,1998-04,4.3,
USA,HUR,TOT,PC_LF,M,1998-05,4.4,
USA,HUR,TOT,PC_LF,M,1998-06,4.5,
USA,HUR,TOT,PC_LF,M,1998-07,4.5,
USA,HUR,TOT,PC_LF,M,1998-08,4.5,
USA,HUR,TOT,PC_LF,M,1998-09,4.6,
USA,HUR,TOT,PC_LF,M,1998-10,4.5,
USA,HUR,TOT,PC_LF,M,1998-11,4.4,
USA,HUR,TOT,PC_LF,M,1998-12,4.4,
USA,HUR,TOT,PC_LF,M,1999-01,4.3,
USA,HUR,TOT,PC_LF,M,1999-02,4.4,
USA,HUR,TOT,PC_LF,M,1999-03,4.2,
USA,HUR,TOT,PC_LF,M,1999-04,4.3,
USA,HUR,TOT,PC_LF,M,1999-05,4.2,
USA,HUR,TOT,PC_LF,M,1999-06,4.3,
USA,HUR,TOT,PC_LF,M,1999-07,4.3,
USA,HUR,TOT,PC_LF,M,1999-08,4.2,
USA,HUR,TOT,PC_LF,M,1999-09,4.2,
USA,HUR,TOT,PC_LF,M,1999-10,4.1,
USA,HUR,TOT,PC_LF,M,1999-11,4.1,
USA,HUR,TOT,PC_LF,M,1999-12,4,
USA,HUR,TOT,PC_LF,M,2000-01,4,
USA,HUR,TOT,PC_LF,M,2000-02,4.1,
USA,HUR,TOT,PC_LF,M,2000-03,4,
USA,HUR,TOT,PC_LF,M,2000-04,3.8,
USA,HUR,TOT,PC_LF,M,2000-05,4,
USA,HUR,TOT,PC_LF,M,2000-06,4,
USA,HUR,TOT,PC_LF,M,2000-07,4,
USA,HUR,TOT,PC_LF,M,2000-08,4.1,
USA,HUR,TOT,PC_LF,M,2000-09,3.9,
USA,HUR,TOT,PC_LF,M,2000-10,3.9,
USA,HUR,TOT,PC_LF,M,2000-11,3.9,
USA,HUR,TOT,PC_LF,M,2000-12,3.9,
USA,HUR,TOT,PC_LF,M,2001-01,4.2,
USA,HUR,TOT,PC_LF,M,2001-02,4.2,
USA,HUR,TOT,PC_LF,M,2001-03,4.3,
USA,HUR,TOT,PC_LF,M,2001-04,4.4,
USA,HUR,TOT,PC_LF,M,2001-05,4.3,
USA,HUR,TOT,PC_LF,M,2001-06,4.5,
USA,HUR,TOT,PC_LF,M,2001-07,4.6,
USA,HUR,TOT,PC_LF,M,2001-08,4.9,
USA,HUR,TOT,PC_LF,M,2001-09,5,
USA,HUR,TOT,PC_LF,M,2001-10,5.3,
USA,HUR,TOT,PC_LF,M,2001-11,5.5,
USA,HUR,TOT,PC_LF,M,2001-12,5.7,
USA,HUR,TOT,PC_LF,M,2002-01,5.7,
USA,HUR,TOT,PC_LF,M,2002-02,5.7,
USA,HUR,TOT,PC_LF,M,2002-03,5.7,
USA,HUR,TOT,PC_LF,M,2002-04,5.9,
USA,HUR,TOT,PC_LF,M,2002-05,5.8,
USA,HUR,TOT,PC_LF,M,2002-06,5.8,
USA,HUR,TOT,PC_LF,M,2002-07,5.8,
USA,HUR,TOT,PC_LF,M,2002-08,5.7,
USA,HUR,TOT,PC_LF,M,2002-09,5.7,
USA,HUR,TOT,PC_LF,M,2002-10,5.7,
USA,HUR,TOT,PC_LF,M,2002-11,5.9,
USA,HUR,TOT,PC_LF,M,2002-12,6,
USA,HUR,TOT,PC_LF,M,2003-01,5.8,
USA,HUR,TOT,PC_LF,M,2003-02,5.9,
USA,HUR,TOT,PC_LF,M,2003-03,5.9,
USA,HUR,TOT,PC_LF,M,2003-04,6,
USA,HUR,TOT,PC_LF,M,2003-05,6.1,
USA,HUR,TOT,PC_LF,M,2003-06,6.3,
USA,HUR,TOT,PC_LF,M,2003-07,6.2,
USA,HUR,TOT,PC_LF,M,2003-08,6.1,
USA,HUR,TOT,PC_LF,M,2003-09,6.1,
USA,HUR,TOT,PC_LF,M,2003-10,6,
USA,HUR,TOT,PC_LF,M,2003-11,5.8,
USA,HUR,TOT,PC_LF,M,2003-12,5.7,
USA,HUR,TOT,PC_LF,M,2004-01,5.7,
USA,HUR,TOT,PC_LF,M,2004-02,5.6,
USA,HUR,TOT,PC_LF,M,2004-03,5.8,
USA,HUR,TOT,PC_LF,M,2004-04,5.6,
USA,HUR,TOT,PC_LF,M,2004-05,5.6,
USA,HUR,TOT,PC_LF,M,2004-06,5.6,
USA,HUR,TOT,PC_LF,M,2004-07,5.5,
USA,HUR,TOT,PC_LF,M,2004-08,5.4,
USA,HUR,TOT,PC_LF,M,2004-09,5.4,
USA,HUR,TOT,PC_LF,M,2004-10,5.5,
USA,HUR,TOT,PC_LF,M,2004-11,5.4,
USA,HUR,TOT,PC_LF,M,2004-12,5.4,
USA,HUR,TOT,PC_LF,M,2005-01,5.3,
USA,HUR,TOT,PC_LF,M,2005-02,5.4,
USA,HUR,TOT,PC_LF,M,2005-03,5.2,
USA,HUR,TOT,PC_LF,M,2005-04,5.2,
USA,HUR,TOT,PC_LF,M,2005-05,5.1,
USA,HUR,TOT,PC_LF,M,2005-06,5,
USA,HUR,TOT,PC_LF,M,2005-07,5,
USA,HUR,TOT,PC_LF,M,2005-08,4.9,
USA,HUR,TOT,PC_LF,M,2005-09,5,
USA,HUR,TOT,PC_LF,M,2005-10,5,
USA,HUR,TOT,PC_LF,M,2005-11,5,
USA,HUR,TOT,PC_LF,M,2005-12,4.9,
USA,HUR,TOT,PC_LF,M,2006-01,4.7,
USA,HUR,TOT,PC_LF,M,2006-02,4.8,
USA,HUR,TOT,PC_LF,M,2006-03,4.7,
USA,HUR,TOT,PC_LF,M,2006-04,4.7,
USA,HUR,TOT,PC_LF,M,2006-05,4.6,
USA,HUR,TOT,PC_LF,M,2006-06,4.6,
USA,HUR,TOT,PC_LF,M,2006-07,4.7,
USA,HUR,TOT,PC_LF,M,2006-08,4.7,
USA,HUR,TOT,PC_LF,M,2006-09,4.5,
USA,HUR,TOT,PC_LF,M,2006-10,4.4,
USA,HUR,TOT,PC_LF,M,2006-11,4.5,
USA,HUR,TOT,PC_LF,M,2006-12,4.4,
USA,HUR,TOT,PC_LF,M,2007-01,4.6,
USA,HUR,TOT,PC_LF,M,2007-02,4.5,
USA,HUR,TOT,PC_LF,M,2007-03,4.4,
USA,HUR,TOT,PC_LF,M,2007-04,4.5,
USA,HUR,TOT,PC_LF,M,2007-05,4.4,
USA,HUR,TOT,PC_LF,M,2007-06,4.6,
USA,HUR,TOT,PC_LF,M,2007-07,4.7,
USA,HUR,TOT,PC_LF,M,2007-08,4.6,
USA,HUR,TOT,PC_LF,M,2007-09,4.7,
USA,HUR,TOT,PC_LF,M,2007-10,4.7,
USA,HUR,TOT,PC_LF,M,2007-11,4.7,
USA,HUR,TOT,PC_LF,M,2007-12,5,
USA,HUR,TOT,PC_LF,M,2008-01,5,
USA,HUR,TOT,PC_LF,M,2008-02,4.9,
USA,HUR,TOT,PC_LF,M,2008-03,5.1,
USA,HUR,TOT,PC_LF,M,2008-04,5,
USA,HUR,TOT,PC_LF,M,2008-05,5.4,
USA,HUR,TOT,PC_LF,M,2008-06,5.6,
USA,HUR,TOT,PC_LF,M,2008-07,5.8,
USA,HUR,TOT,PC_LF,M,2008-08,6.1,
USA,HUR,TOT,PC_LF,M,2008-09,6.1,
USA,HUR,TOT,PC_LF,M,2008-10,6.5,
USA,HUR,TOT,PC_LF,M,2008-11,6.8,
USA,HUR,TOT,PC_LF,M,2008-12,7.3,
USA,HUR,TOT,PC_LF,M,2009-01,7.8,
USA,HUR,TOT,PC_LF,M,2009-02,8.3,
USA,HUR,TOT,PC_LF,M,2009-03,8.7,
USA,HUR,TOT,PC_LF,M,2009-04,9,
USA,HUR,TOT,PC_LF,M,2009-05,9.4,
USA,HUR,TOT,PC_LF,M,2009-06,9.5,
USA,HUR,TOT,PC_LF,M,2009-07,9.5,
USA,HUR,TOT,PC_LF,M,2009-08,9.6,
USA,HUR,TOT,PC_LF,M,2009-09,9.8,
USA,HUR,TOT,PC_LF,M,2009-10,10,
USA,HUR,TOT,PC_LF,M,2009-11,9.9,
USA,HUR,TOT,PC_LF,M,2009-12,9.9,
USA,HUR,TOT,PC_LF,M,2010-01,9.8,
USA,HUR,TOT,PC_LF,M,2010-02,9.8,
USA,HUR,TOT,PC_LF,M,2010-03,9.9,
USA,HUR,TOT,PC_LF,M,2010-04,9.9,
USA,HUR,TOT,PC_LF,M,2010-05,9.6,
USA,HUR,TOT,PC_LF,M,2010-06,9.4,
USA,HUR,TOT,PC_LF,M,2010-07,9.4,
USA,HUR,TOT,PC_LF,M,2010-08,9.5,
USA,HUR,TOT,PC_LF,M,2010-09,9.5,
USA,HUR,TOT,PC_LF,M,2010-10,9.4,
USA,HUR,TOT,PC_LF,M,2010-11,9.8,
USA,HUR,TOT,PC_LF,M,2010-12,9.3,
USA,HUR,TOT,PC_LF,M,2011-01,9.1,
USA,HUR,TOT,PC_LF,M,2011-02,9,
USA,HUR,TOT,PC_LF,M,2011-03,9,
USA,HUR,TOT,PC_LF,M,2011-04,9.1,
USA,HUR,TOT,PC_LF,M,2011-05,9,
USA,HUR,TOT,PC_LF,M,2011-06,9.1,
USA,HUR,TOT,PC_LF,M,2011-07,9,
USA,HUR,TOT,PC_LF,M,2011-08,9,
USA,HUR,TOT,PC_LF,M,2011-09,9,
USA,HUR,TOT,PC_LF,M,2011-10,8.8,
USA,HUR,TOT,PC_LF,M,2011-11,8.6,
USA,HUR,TOT,PC_LF,M,2011-12,8.5,
USA,HUR,TOT,PC_LF,M,2012-01,8.3,
USA,HUR,TOT,PC_LF,M,2012-02,8.3,
USA,HUR,TOT,PC_LF,M,2012-03,8.2,
USA,HUR,TOT,PC_LF,M,2012-04,8.2,
USA,HUR,TOT,PC_LF,M,2012-05,8.2,
USA,HUR,TOT,PC_LF,M,2012-06,8.2,
USA,HUR,TOT,PC_LF,M,2012-07,8.2,
USA,HUR,TOT,PC_LF,M,2012-08,8.1,
USA,HUR,TOT,PC_LF,M,2012-09,7.8,
USA,HUR,TOT,PC_LF,M,2012-10,7.8,
USA,HUR,TOT,PC_LF,M,2012-11,7.7,
USA,HUR,TOT,PC_LF,M,2012-12,7.9,
USA,HUR,TOT,PC_LF,M,2013-01,8,
USA,HUR,TOT,PC_LF,M,2013-02,7.7,
USA,HUR,TOT,PC_LF,M,2013-03,7.5,
USA,HUR,TOT,PC_LF,M,2013-04,7.6,
USA,HUR,TOT,PC_LF,M,2013-05,7.5,
USA,HUR,TOT,PC_LF,M,2013-06,7.5,
USA,HUR,TOT,PC_LF,M,2013-07,7.3,
USA,HUR,TOT,PC_LF,M,2013-08,7.2,
USA,HUR,TOT,PC_LF,M,2013-09,7.2,
USA,HUR,TOT,PC_LF,M,2013-10,7.2,
USA,HUR,TOT,PC_LF,M,2013-11,6.9,
USA,HUR,TOT,PC_LF,M,2013-12,6.7,
USA,HUR,TOT,PC_LF,M,2014-01,6.6,
USA,HUR,TOT,PC_LF,M,2014-02,6.7,
USA,HUR,TOT,PC_LF,M,2014-03,6.7,
USA,HUR,TOT,PC_LF,M,2014-04,6.2,
USA,HUR,TOT,PC_LF,M,2014-05,6.3,
USA,HUR,TOT,PC_LF,M,2014-06,6.1,
USA,HUR,TOT,PC_LF,M,2014-07,6.2,
USA,HUR,TOT,PC_LF,M,2014-08,6.1,
USA,HUR,TOT,PC_LF,M,2014-09,5.9,
USA,HUR,TOT,PC_LF,M,2014-10,5.7,
USA,HUR,TOT,PC_LF,M,2014-11,5.8,
USA,HUR,TOT,PC_LF,M,2014-12,5.6,
USA,HUR,TOT,PC_LF,M,2015-01,5.7,
USA,HUR,TOT,PC_LF,M,2015-02,5.5,
USA,HUR,TOT,PC_LF,M,2015-03,5.4,
USA,HUR,TOT,PC_LF,M,2015-04,5.4,
USA,HUR,TOT,PC_LF,M,2015-05,5.6,
USA,HUR,TOT,PC_LF,M,2015-06,5.3,
USA,HUR,TOT,PC_LF,M,2015-07,5.2,
USA,HUR,TOT,PC_LF,M,2015-08,5.1,
USA,HUR,TOT,PC_LF,M,2015-09,5,
USA,HUR,TOT,PC_LF,M,2015-10,5,
USA,HUR,TOT,PC_LF,M,2015-11,5.1,
USA,HUR,TOT,PC_LF,M,2015-12,5,
USA,HUR,TOT,PC_LF,M,2016-01,4.8,
USA,HUR,TOT,PC_LF,M,2016-02,4.9,
USA,HUR,TOT,PC_LF,M,2016-03,5,
USA,HUR,TOT,PC_LF,M,2016-04,5.1,
USA,HUR,TOT,PC_LF,M,2016-05,4.8,
USA,HUR,TOT,PC_LF,M,2016-06,4.9,
USA,HUR,TOT,PC_LF,M,2016-07,4.8,
USA,HUR,TOT,PC_LF,M,2016-08,4.9,
USA,HUR,TOT,PC_LF,M,2016-09,5,
USA,HUR,TOT,PC_LF,M,2016-10,4.9,
USA,HUR,TOT,PC_LF,M,2016-11,4.7,
USA,HUR,TOT,PC_LF,M,2016-12,4.7,
USA,HUR,TOT,PC_LF,M,2017-01,4.7,
USA,HUR,TOT,PC_LF,M,2017-02,4.6,
USA,HUR,TOT,PC_LF,M,2017-03,4.4,
USA,HUR,TOT,PC_LF,M,2017-04,4.4,
USA,HUR,TOT,PC_LF,M,2017-05,4.4,
USA,HUR,TOT,PC_LF,M,2017-06,4.3,
USA,HUR,TOT,PC_LF,M,2017-07,4.3,
USA,HUR,TOT,PC_LF,M,2017-08,4.4,
USA,HUR,TOT,PC_LF,M,2017-09,4.3,
USA,HUR,TOT,PC_LF,M,2017-10,4.2,
USA,HUR,TOT,PC_LF,M,2017-11,4.2,
USA,HUR,TOT,PC_LF,M,2017-12,4.1,
USA,HUR,TOT,PC_LF,M,2018-01,4,
USA,HUR,TOT,PC_LF,M,2018-02,4.1,
USA,HUR,TOT,PC_LF,M,2018-03,4,
USA,HUR,TOT,PC_LF,M,2018-04,4,
USA,HUR,TOT,PC_LF,M,2018-05,3.8,
USA,HUR,TOT,PC_LF,M,2018-06,4,
USA,HUR,TOT,PC_LF,M,2018-07,3.8,
USA,HUR,TOT,PC_LF,M,2018-08,3.8,
USA,HUR,TOT,PC_LF,M,2018-09,3.7,
USA,HUR,TOT,PC_LF,M,2018-10,3.8,
USA,HUR,TOT,PC_LF,M,2018-11,3.8,
USA,HUR,TOT,PC_LF,M,2018-12,3.9,
USA,HUR,TOT,PC_LF,M,2019-01,4,
USA,HUR,TOT,PC_LF,M,2019-02,3.8,
USA,HUR,TOT,PC_LF,M,2019-03,3.8,
USA,HUR,TOT,PC_LF,M,2019-04,3.6,
USA,HUR,TOT,PC_LF,M,2019-05,3.7,
USA,HUR,TOT,PC_LF,M,2019-06,3.6,
USA,HUR,TOT,PC_LF,M,2019-07,3.7,
USA,HUR,TOT,PC_LF,M,2019-08,3.7,
USA,HUR,TOT,PC_LF,M,2019-09,3.5,
USA,HUR,TOT,PC_LF,M,2019-10,3.6,
USA,HUR,TOT,PC_LF,M,2019-11,3.6,
USA,HUR,TOT,PC_LF,M,2019-12,3.6,
USA,HUR,TOT,PC_LF,M,2020-01,3.5,
USA,HUR,TOT,PC_LF,M,2020-02,3.5,
USA,HUR,TOT,PC_LF,M,2020-03,4.4,
USA,HUR,TOT,PC_LF,M,2020-04,14.7,
USA,HUR,TOT,PC_LF,M,2020-05,13.2,
USA,HUR,TOT,PC_LF,M,2020-06,11,
USA,HUR,TOT,PC_LF,M,2020-07,10.2,
USA,HUR,TOT,PC_LF,M,2020-08,8.4,
USA,HUR,TOT,PC_LF,M,2020-09,7.9,
USA,HUR,TOT,PC_LF,M,2020-10,6.9,
USA,HUR,TOT,PC_LF,M,2020-11,6.7,
USA,HUR,TOT,PC_LF,M,2020-12,6.7,
USA,HUR,TOT,PC_LF,M,2021-01,6.3,
USA,HUR,TOT,PC_LF,M,2021-02,6.2,
USA,HUR,TOT,PC_LF,M,2021-03,6.1,
USA,HUR,TOT,PC_LF,M,2021-04,6.1,
USA,HUR,TOT,PC_LF,M,2021-05,5.8,
USA,HUR,TOT,PC_LF,M,2021-06,5.9,
USA,HUR,TOT,PC_LF,M,2021-07,5.4,
USA,HUR,TOT,PC_LF,M,2021-08,5.2,
USA,HUR,TOT,PC_LF,M,2021-09,4.8,
USA,HUR,TOT,PC_LF,M,2021-10,4.5,
USA,HUR,TOT,PC_LF,M,2021-11,4.2,
USA,HUR,TOT,PC_LF,M,2021-12,3.9,
USA,HUR,TOT,PC_LF,M,2022-01,4,
USA,HUR,TOT,PC_LF,M,2022-02,3.8,
USA,HUR,TOT,PC_LF,M,2022-03,3.6,
USA,HUR,TOT,PC_LF,M,2022-04,3.6,
USA,HUR,TOT,PC_LF,M,2022-05,3.6,
USA,HUR,TOT,PC_LF,M,2022-06,3.6,
USA,HUR,TOT,PC_LF,M,2022-07,3.5,
USA,HUR,TOT,PC_LF,M,2022-08,3.7,
USA,HUR,TOT,PC_LF,M,2022-09,3.5,
USA,HUR,TOT,PC_LF,M,2022-10,3.7,
USA,HUR,TOT,PC_LF,M,2022-11,3.6,
USA,HUR,TOT,PC_LF,M,2022-12,3.5,
USA,HUR,TOT,PC_LF,M,2023-01,3.4,
USA,HUR,TOT,PC_LF,M,2023-02,3.6,
USA,HUR,TOT,PC_LF,M,2023-03,3.5,
CAN,HUR,TOT,PC_LF,M,2023-04,5,
DEU,HUR,TOT,PC_LF,M,2023-03,2.8,
GBR,HUR,TOT,PC_LF,M,2023-02,3.8,
JPN,HUR,TOT,PC_LF,M,2023-03,2.8,
FRA,HUR,TOT,PC_LF,M,2023-03,6.9,
ITA,HUR,TOT,PC_LF,M,2023-03,7.8,
